date,id,price,mktcap,liquidity,sector
1999-05-06,1,461.0,1235952064.0,129080.0,
1999-05-07,1,455.0,1219865920.0,4550.0,
1999-05-10,1,455.0,1219865920.0,910.0,
1999-05-11,1,460.0,1233271040.0,4600.0,
1999-05-12,1,460.0,1233271040.0,460.0,
1999-05-14,1,460.0,1233271040.0,4600.0,
1999-05-19,1,460.0,1233271040.0,2300.0,
1999-05-21,1,460.0,1233271040.0,4600.0,
1999-05-26,1,460.0,1233271040.0,13800.0,
1999-05-31,1,463.0,1241314112.0,13890.0,
1999-06-01,1,463.0,1241314112.0,9260.0,
1999-06-04,1,458.0,1227908992.0,4580.0,
1999-06-18,1,458.0,1227908992.0,18320.0,
1999-06-22,1,465.0,1246676160.0,4650.0,
1999-06-24,1,470.0,1260081280.0,10340.0,
1999-07-01,1,468.0,1254719232.0,4680.0,
1999-07-07,1,468.0,1254719232.0,1404.0,
1999-07-12,1,463.0,1241314112.0,4630.0,
1999-07-14,1,480.0,1286891520.0,150240.0,
1999-07-15,1,470.0,1260081280.0,47000.0,
1999-07-20,1,475.0,1273486400.0,52250.0,
1999-07-27,1,475.0,1273486400.0,9500.0,
1999-08-02,1,480.0,1286891520.0,9600.0,
1999-08-05,1,478.0,1281529472.0,9560.0,
1999-08-09,1,478.0,1281529472.0,9560.0,
1999-08-12,1,475.0,1273486400.0,4750.0,
1999-08-16,1,475.0,1273486400.0,4750.0,
1999-08-17,1,470.0,1260081280.0,4700.0,
1999-08-18,1,475.0,1273486400.0,4750.0,
1999-08-24,1,475.0,1273486400.0,950.0,
1999-09-16,1,475.0,1273486400.0,4750.0,
1999-09-20,1,480.0,1286891520.0,24000.0,
1999-09-21,1,475.0,1273486400.0,14250.0,
1999-10-12,1,475.0,1273486400.0,35625.0,
1999-10-13,1,480.0,1286891520.0,43680.0,
1999-10-18,1,480.0,1286891520.0,24960.0,
1999-10-19,1,480.0,1286891520.0,480.0,
1999-10-28,1,480.0,1286891520.0,4800.0,
1999-10-29,1,475.0,1273486400.0,1900.0,
1999-11-01,1,480.0,1286891520.0,9600.0,
1999-11-02,1,480.0,1286891520.0,480.0,
1999-11-10,1,479.0,1284210496.0,2395.0,
1999-11-15,1,480.0,1286891520.0,19200.0,
1999-11-24,1,480.0,1286891520.0,4800.0,
1999-11-25,1,475.0,1273486400.0,42750.0,
1999-11-26,1,465.0,1246676160.0,24180.0,
1999-11-30,1,475.0,1273486400.0,17100.0,
1999-12-01,1,470.0,1260081280.0,32430.0,
1999-12-03,1,475.0,1273486400.0,23750.0,
1999-12-06,1,485.0,1300296640.0,102820.0,
1999-12-08,1,480.0,1286891520.0,1920.0,
1999-12-13,1,475.0,1273486400.0,2375.0,
1999-12-22,1,480.0,1286891520.0,480.0,
1999-12-29,1,475.0,1273486400.0,2375.0,
1999-12-30,1,480.0,1286891520.0,96000.0,
2000-01-06,1,480.0,1286891520.0,38400.0,
2000-01-12,1,475.0,1273486400.0,2850.0,
2000-01-19,1,480.0,1286891520.0,31200.0,
2000-01-20,1,475.0,1273486400.0,14250.0,
2000-01-21,1,480.0,1286891520.0,4800.0,
2000-01-25,1,480.0,1286891520.0,4800.0,
2000-01-27,1,480.0,1286891520.0,2400.0,
2000-01-28,1,480.0,1286891520.0,2400.0,
2000-01-31,1,480.0,1286891520.0,1920.0,
2000-02-01,1,475.0,1273486400.0,4750.0,
2000-02-03,1,475.0,1273486400.0,23750.0,
2000-02-04,1,480.0,1286891520.0,960.0,
2000-02-08,1,475.0,1273486400.0,7125.0,
2000-02-09,1,480.0,1286891520.0,4800.0,
2000-02-10,1,479.0,1284210496.0,1437.0,
2000-02-14,1,484.0,1297615616.0,2420.0,
2000-02-15,1,485.0,1300296640.0,9700.0,
2000-02-18,1,487.0,1305658688.0,4870.0,
2000-02-21,1,482.0,1292253568.0,15906.0,
2000-02-22,1,488.0,1308339712.0,2440.0,
2000-02-23,1,488.0,1308339712.0,2928.0,
2000-02-29,1,490.0,1313701760.0,24500.0,
2000-03-01,1,491.0,1316382784.0,1964.0,
2000-03-03,1,495.0,1327106880.0,1980.0,
2000-03-06,1,490.0,1313701760.0,13230.0,
2000-03-07,1,492.0,1319063808.0,2460.0,
2000-03-08,1,497.0,1332468928.0,4473.0,
2000-03-13,1,498.0,1335149952.0,4980.0,
2000-03-14,1,493.0,1321744832.0,19720.0,
2000-03-15,1,498.0,1335149952.0,14940.0,
2000-03-16,1,578.0,1549631872.0,57800.0,
2000-03-17,1,580.0,1554993920.0,79460.0,
2000-03-20,1,580.0,1554993920.0,580.0,
2000-03-22,1,570.0,1528183680.0,33630.0,
2000-03-23,1,580.0,1554993920.0,5800.0,
2000-03-27,1,579.0,1552312896.0,10422.0,
2000-03-31,1,579.0,1552312896.0,17370.0,
2000-04-03,1,585.0,1568399040.0,22815.0,
2000-04-12,1,606.9999936,1286891520.0,26880.0,
2000-04-13,1,600.677077,1273486400.0,104025.0,
2000-04-14,1,603.20624364,1278848448.0,2385.0,
2000-04-18,1,581.7083272,1233271040.0,4600.0,
2000-04-25,1,594.3541604000001,1260081280.0,5640.0,
2000-04-26,1,594.3541604000001,1260081280.0,4700.0,
2000-04-27,1,594.3541604000001,1260081280.0,1880.0,
2000-04-28,1,594.3541604000001,1260081280.0,2350.0,
2000-05-03,1,588.0312438000001,1246676160.0,2790.0,
2000-05-04,1,593.08957708,1257400256.0,14070.0,
2000-05-05,1,594.3541604000001,1260081280.0,14100.0,
2000-05-12,1,588.0312438000001,1246676160.0,11625.0,
2000-05-15,1,588.0312438000001,1246676160.0,6510.0,
2000-05-17,1,594.3541604000001,1260081280.0,22090.0,
2000-05-19,1,594.3541604000001,1260081280.0,2350.0,
2000-05-22,1,600.677077,1273486400.0,4750.0,
2000-05-23,1,591.82499376,1254719232.0,0.0,
2000-05-24,1,588.66353546,1248016672.0,0.0,
2000-05-29,1,594.3541604000001,1260081280.0,12690.0,
2000-05-30,1,594.3541604000001,1260081280.0,2350.0,
2000-06-07,1,594.3541604000001,1260081280.0,7050.0,
2000-06-08,1,598.1479103600001,1268124352.0,9460.0,
2000-06-14,1,598.1479103600001,1268124352.0,10406.0,
2000-06-16,1,598.1479103600001,1268124352.0,9460.0,
2000-06-19,1,594.3541604000001,1260081280.0,31020.0,
2000-06-20,1,606.9999936,1286891520.0,0.0,
2000-06-21,1,606.9999936,1286891520.0,960.0,
2000-06-22,1,594.3541604000001,1260081280.0,0.0,
2000-06-30,1,600.677077,1273486400.0,475.0,
2000-07-04,1,606.9999936,1286891520.0,14400.0,
2000-07-07,1,588.0312438000001,1246676160.0,30225.0,
2000-07-10,1,606.9999936,1286891520.0,7200.0,
2000-07-17,1,594.3541604000001,1260081280.0,940.0,
2000-07-18,1,594.3541604000001,1260081280.0,31960.0,
2000-07-19,1,594.3541604000001,1260081280.0,23500.0,
2000-07-20,1,594.3541604000001,1260081280.0,12690.0,
2000-07-21,1,594.3541604000001,1260081280.0,7050.0,
2000-07-24,1,606.9999936,1286891520.0,0.0,
2000-07-25,1,606.9999936,1286891520.0,2880.0,
2000-07-31,1,594.3541604000001,1260081280.0,23500.0,
2000-08-02,1,588.0312438000001,1246676160.0,4650.0,
2000-08-16,1,606.9999936,1286891520.0,19200.0,
2000-08-23,1,606.9999936,1286891520.0,24000.0,
2000-08-24,1,613.3229102,1300296640.0,46075.0,
2000-08-28,1,613.3229102,1300296640.0,8245.0,
2000-08-29,1,606.9999936,1286891520.0,4800.0,
2000-08-30,1,613.3229102,1300296640.0,2425.0,
2000-08-31,1,613.3229102,1300296640.0,4850.0,
2000-09-01,1,613.3229102,1300296640.0,89725.0,
2000-09-04,1,613.3229102,1300296640.0,9700.0,
2000-09-06,1,619.6458268,1313701760.0,12250.0,
2000-09-07,1,619.6458268,1313701760.0,5880.0,
2000-09-11,1,606.9999936,1286891520.0,0.0,
2000-09-28,1,619.6458268,1313701760.0,0.0,
2000-10-02,1,606.9999936,1286891520.0,0.0,
2000-10-13,1,606.9999936,1286891520.0,1920.0,
2000-10-18,1,600.677077,1273486400.0,12350.0,
2000-10-25,1,613.3229102,1300296640.0,970.0,
2000-11-02,1,600.677077,1273486400.0,7125.0,
2000-11-03,1,613.3229102,1300296640.0,0.0,
2000-11-06,1,606.9999936,1286891520.0,24480.0,
2000-11-07,1,600.677077,1273486400.0,5225.0,
2000-11-09,1,612.6906185400001,1298956128.0,0.0,
2000-11-10,1,612.6906185400001,1298956128.0,484.5,
2000-11-13,1,612.6906185400001,1298956128.0,2422.5,
2000-11-14,1,606.9999936,1286891520.0,23520.0,
2000-11-15,1,613.3229102,1300296640.0,4850.0,
2000-11-22,1,619.6458268,1313701760.0,980.0,
2000-11-27,1,619.6458268,1313701760.0,38220.0,
2000-11-30,1,625.9687434,1327106880.0,4950.0,
2000-12-06,1,619.6458268,1313701760.0,3920.0,
2000-12-11,1,625.9687434,1327106880.0,2970.0,
2000-12-14,1,632.29166,1340512000.0,500.0,
2000-12-15,1,632.29166,1340512000.0,1000.0,
2000-12-19,1,632.29166,1340512000.0,2500.0,
2000-12-22,1,632.29166,1340512000.0,21000.0,
2001-01-03,1,632.29166,1340512000.0,18500.0,
2001-01-05,1,644.9374932000001,1367322240.0,0.0,
2001-01-08,1,644.9374932000001,1367322240.0,10200.0,
2001-01-15,1,644.9374932000001,1367322240.0,1530.0,
2001-01-18,1,644.9374932000001,1367322240.0,15300.0,
2001-01-19,1,644.9374932000001,1367322240.0,1020.0,
2001-01-22,1,649.99582648,1378046336.0,3598.0,
2001-01-23,1,649.99582648,1378046336.0,10280.0,
2001-01-24,1,649.99582648,1378046336.0,5140.0,
2001-01-26,1,638.6145766000001,1353917120.0,19695.0,
2001-01-29,1,649.99582648,1378046336.0,1028.0,
2001-01-31,1,644.9374932000001,1367322240.0,5100.0,
2001-02-01,1,649.99582648,1378046336.0,7710.0,
2001-02-02,1,649.99582648,1378046336.0,1028.0,
2001-02-06,1,638.6145766000001,1353917120.0,8585.0,
2001-02-07,1,649.99582648,1378046336.0,6168.0,
2001-02-14,1,649.99582648,1378046336.0,1028.0,
2001-02-15,1,649.99582648,1378046336.0,1028.0,
2001-02-19,1,649.99582648,1378046336.0,5654.0,
2001-02-27,1,649.99582648,1378046336.0,1542.0,
2001-02-28,1,644.9374932000001,1367322240.0,510.0,
2001-03-01,1,649.99582648,1378046336.0,2570.0,
2001-03-02,1,647.46665984,1372684288.0,0.0,
2001-03-07,1,647.46665984,1372684288.0,2048.0,
2001-03-08,1,647.46665984,1372684288.0,15872.0,
2001-03-09,1,649.99582648,1378046336.0,13878.0,
2001-03-15,1,651.2604098,1380727360.0,21630.0,
2001-03-16,1,649.99582648,1378046336.0,8738.0,
2001-03-19,1,649.99582648,1378046336.0,28270.0,
2001-03-20,1,652.5249931200001,1383408384.0,1548.0,
2001-03-21,1,652.5249931200001,1383408384.0,61404.0,
2001-03-22,1,642.40832656,1361960192.0,30988.0,
2001-03-23,1,651.2604098,1380727360.0,10300.0,
2001-03-27,1,655.0541597600001,1388770432.0,94276.0,
2001-03-28,1,655.0541597600001,1388770432.0,11396.0,
2001-04-03,1,653.78957644,1386089408.0,0.0,
2001-04-04,1,642.40832656,1361960192.0,15240.0,
2001-04-09,1,655.0541597600001,1388770432.0,10878.0,
2001-04-10,1,655.0541597600001,1388770432.0,24346.0,
2001-04-11,1,657.58332657,1343193024.0,5010.0,
2001-04-12,1,656.270785,1340512000.0,18500.0,
2001-04-18,1,656.270785,1340512000.0,20000.0,
2001-04-23,1,656.270785,1340512000.0,5000.0,
2001-04-24,1,656.270785,1340512000.0,2000.0,
2001-04-27,1,660.2084097100001,1348555072.0,20120.0,
2001-04-30,1,660.2084097100001,1348555072.0,10060.0,
2001-05-03,1,660.2084097100001,1348555072.0,1006.0,
2001-05-04,1,647.08299401,1321744832.0,17748.0,
2001-05-07,1,656.270785,1340512000.0,5000.0,
2001-05-11,1,661.5209512800001,1351236096.0,5040.0,
2001-05-14,1,661.5209512800001,1351236096.0,20160.0,
2001-05-17,1,661.5209512800001,1351236096.0,9576.0,
2001-05-18,1,649.70807715,1327106880.0,6930.0,
2001-05-25,1,662.83349285,1353917120.0,1515.0,
2001-05-28,1,662.83349285,1353917120.0,4040.0,
2001-05-29,1,652.33316029,1332468928.0,4970.0,
2001-05-30,1,652.33316029,1332468928.0,4970.0,
2001-05-31,1,662.83349285,1353917120.0,5050.0,
2001-06-06,1,662.83349285,1353917120.0,5050.0,
2001-06-08,1,669.3962007,1367322240.0,33150.0,
2001-06-11,1,665.45857599,1359279168.0,0.0,
2001-06-14,1,665.45857599,1359279168.0,1014.0,
2001-06-15,1,656.270785,1340512000.0,2500.0,
2001-06-18,1,656.270785,1340512000.0,5000.0,
2001-06-19,1,665.45857599,1359279168.0,20280.0,
2001-06-20,1,656.270785,1340512000.0,1000.0,
2001-06-21,1,665.45857599,1359279168.0,507.0,
2001-06-26,1,665.45857599,1359279168.0,5070.0,
2001-06-27,1,665.45857599,1359279168.0,2028.0,
2001-06-28,1,662.83349285,1353917120.0,0.0,
2001-06-29,1,656.270785,1340512000.0,15000.0,
2001-07-02,1,656.270785,1340512000.0,500.0,
2001-07-06,1,665.45857599,1359279168.0,10140.0,
2001-07-10,1,656.270785,1340512000.0,2000.0,
2001-07-16,1,656.270785,1340512000.0,6500.0,
2001-07-18,1,656.270785,1340512000.0,1500.0,
2001-07-19,1,656.270785,1340512000.0,5000.0,
2001-07-24,1,668.08365913,1364641216.0,53445.0,
2001-07-27,1,662.83349285,1353917120.0,51510.0,
2001-07-30,1,664.14603442,1356598144.0,9108.0,
2001-07-31,1,658.8958681400001,1345874048.0,1004.0,
2001-08-06,1,669.3962007,1367322240.0,0.0,
2001-08-07,1,669.3962007,1367322240.0,10200.0,
2001-08-09,1,669.3962007,1367322240.0,2550.0,
2001-08-21,1,658.8958681400001,1345874048.0,2008.0,
2001-08-28,1,669.3962007,1367322240.0,4590.0,
2001-08-30,1,669.3962007,1367322240.0,3060.0,
2001-08-31,1,672.02128384,1372684288.0,3072.0,
2001-09-04,1,658.8958681400001,1345874048.0,7530.0,
2001-09-10,1,658.8958681400001,1345874048.0,17068.0,
2001-09-11,1,654.95824343,1337830976.0,32934.0,
2001-09-12,1,654.95824343,1337830976.0,2495.0,
2001-09-13,1,649.70807715,1327106880.0,19800.0,
2001-09-20,1,649.70807715,1327106880.0,4950.0,
2001-09-21,1,630.0199536,1286891520.0,31200.0,
2001-09-24,1,616.8945379,1260081280.0,112800.0,
2001-09-25,1,603.7691222,1233271040.0,124200.0,
2001-09-26,1,603.7691222,1233271040.0,4600.0,
2001-09-28,1,590.6437065,1206460800.0,184500.0,
2001-10-01,1,590.6437065,1206460800.0,53550.0,
2001-10-02,1,630.0199536,1286891520.0,2400.0,
2001-10-05,1,630.0199536,1286891520.0,960.0,
2001-10-09,1,603.7691222,1233271040.0,12880.0,
2001-10-10,1,630.0199536,1286891520.0,82560.0,
2001-10-12,1,630.0199536,1286891520.0,11520.0,
2001-10-18,1,630.0199536,1286891520.0,9600.0,
2001-10-22,1,591.2999772850001,1207801312.0,29282.5,
2001-10-24,1,623.45724575,1273486400.0,11400.0,
2001-10-25,1,651.02061872,1329787904.0,59024.0,
2001-10-26,1,636.58266145,1300296640.0,15035.0,
2001-10-30,1,616.8945379,1260081280.0,16450.0,
2001-10-31,1,656.270785,1340512000.0,5000.0,
2001-11-07,1,636.58266145,1300296640.0,2425.0,
2001-11-12,1,656.270785,1340512000.0,12500.0,
2001-11-14,1,649.70807715,1327106880.0,9900.0,
2001-11-16,1,656.270785,1340512000.0,45000.0,
2001-11-20,1,656.270785,1340512000.0,5000.0,
2001-11-21,1,649.70807715,1327106880.0,3960.0,
2001-11-26,1,649.70807715,1327106880.0,16830.0,
2001-11-30,1,669.3962007,1367322240.0,510.0,
2001-12-03,1,656.270785,1340512000.0,2000.0,
2001-12-06,1,656.270785,1340512000.0,2500.0,
2001-12-10,1,669.3962007,1367322240.0,19890.0,
2001-12-18,1,656.270785,1340512000.0,20500.0,
2001-12-20,1,662.83349285,1353917120.0,13635.0,
2001-12-21,1,665.45857599,1359279168.0,0.0,
2001-12-27,1,682.5216164,1394132480.0,26000.0,
2001-12-28,1,672.02128384,1372684288.0,5120.0,
2002-01-03,1,672.02128384,1372684288.0,15360.0,
2002-01-07,1,674.64636698,1378046336.0,0.0,
2002-01-09,1,674.64636698,1378046336.0,1028.0,
2002-01-11,1,682.5216164,1394132480.0,1040.0,
2002-01-17,1,675.95890855,1380727360.0,5150.0,
2002-01-22,1,674.64636698,1378046336.0,5140.0,
2002-01-23,1,675.95890855,1380727360.0,0.0,
2002-01-24,1,682.5216164,1394132480.0,1040.0,
2002-01-25,1,674.64636698,1378046336.0,9766.0,
2002-01-29,1,675.95890855,1380727360.0,2575.0,
2002-01-31,1,682.5216164,1394132480.0,5200.0,
2002-02-04,1,674.64636698,1378046336.0,514.0,
2002-02-05,1,682.5216164,1394132480.0,2600.0,
2002-02-11,1,675.95890855,1380727360.0,5150.0,
2002-02-12,1,675.95890855,1380727360.0,10300.0,
2002-02-13,1,682.5216164,1394132480.0,15600.0,
2002-02-14,1,672.02128384,1372684288.0,46080.0,
2002-02-15,1,672.02128384,1372684288.0,7680.0,
2002-02-18,1,669.3962007,1367322240.0,25500.0,
2002-02-19,1,665.45857599,1359279168.0,24336.0,
2002-02-20,1,662.83349285,1353917120.0,28785.0,
2002-02-21,1,669.3962007,1367322240.0,0.0,
2002-02-22,1,675.95890855,1380727360.0,2575.0,
2002-02-25,1,682.5216164,1394132480.0,41600.0,
2002-02-26,1,695.6470321,1420942720.0,13250.0,
2002-02-27,1,695.6470321,1420942720.0,7950.0,
2002-02-28,1,695.6470321,1420942720.0,42930.0,
2002-03-01,1,702.20973995,1434347840.0,32100.0,
2002-03-05,1,689.08432425,1407537600.0,42525.0,
2002-03-06,1,702.20973995,1434347840.0,1605.0,
2002-03-07,1,715.33515565,1461158080.0,81750.0,
2002-03-08,1,721.8978635,1474563200.0,6050.0,
2002-03-11,1,735.0232792,1501373440.0,56000.0,
2002-03-13,1,708.7724478,1447752960.0,3240.0,
2002-03-14,1,748.1486949,1528183680.0,2850.0,
2002-03-15,1,761.2741106,1554993920.0,14500.0,
2002-03-18,1,761.2741106,1554993920.0,580.0,
2002-03-19,1,761.2741106,1554993920.0,5800.0,
2002-03-20,1,736.33582077,1504054464.0,11220.0,
2002-03-21,1,748.1486949,1528183680.0,11970.0,
2002-03-22,1,748.1486949,1528183680.0,16530.0,
2002-03-26,1,754.71140275,1541588800.0,5750.0,
2002-03-27,1,754.71140275,1541588800.0,17250.0,
2002-03-28,1,761.2741106,1554993920.0,5800.0,
2002-04-02,1,761.2741106,1554993920.0,11020.0,
2002-04-03,1,761.2741106,1554993920.0,5800.0,
2002-04-04,1,761.2741106,1554993920.0,1740.0,
2002-04-08,1,761.2741106,1554993920.0,29000.0,
2002-04-09,1,761.2741106,1554993920.0,4060.0,
2002-04-12,1,748.1486949,1528183680.0,15390.0,
2002-04-15,1,735.0232792,1501373440.0,158480.0,
2002-04-16,1,761.2741106,1554993920.0,11600.0,
2002-04-17,1,748.1486949,1528183680.0,43890.0,
2002-04-18,1,754.71140275,1541588800.0,0.0,
2002-04-19,1,754.71140275,1541588800.0,8050.0,
2002-04-23,1,754.71140275,1541588800.0,11500.0,
2002-04-24,1,765.21173531,1563036992.0,2915.0,
2002-04-26,1,754.71140275,1541588800.0,1725.0,
2002-04-29,1,761.2741106,1554993920.0,0.0,
2002-04-30,1,765.21173531,1563036992.0,11660.0,
2002-05-02,1,754.71140275,1541588800.0,15525.0,
2002-05-03,1,765.21173531,1563036992.0,4081.0,
2002-05-06,1,765.21173531,1563036992.0,11660.0,
2002-05-07,1,765.21173531,1563036992.0,1166.0,
2002-05-13,1,754.71140275,1541588800.0,1725.0,
2002-05-14,1,767.83681845,1568399040.0,5850.0,
2002-05-16,1,761.2741106,1554993920.0,29000.0,
2002-05-17,1,748.1486949,1528183680.0,57000.0,
2002-05-21,1,748.1486949,1528183680.0,570.0,
2002-05-22,1,749.46123647,1530864704.0,0.0,
2002-05-24,1,749.46123647,1530864704.0,8565.0,
2002-05-27,1,749.46123647,1530864704.0,5710.0,
2002-05-28,1,761.2741106,1554993920.0,16240.0,
2002-05-29,1,754.71140275,1541588800.0,13225.0,
2002-05-30,1,754.71140275,1541588800.0,5750.0,
2002-05-31,1,761.2741106,1554993920.0,5800.0,
2002-06-05,1,767.83681845,1568399040.0,2925.0,
2002-06-12,1,761.2741106,1554993920.0,11600.0,
2002-06-13,1,761.2741106,1554993920.0,4640.0,
2002-06-17,1,761.2741106,1554993920.0,11600.0,
2002-06-19,1,761.2741106,1554993920.0,1160.0,
2002-06-20,1,754.71140275,1541588800.0,4025.0,
2002-06-24,1,761.2741106,1554993920.0,31320.0,
2002-06-26,1,749.46123647,1530864704.0,28550.0,
2002-06-28,1,761.2741106,1554993920.0,6380.0,
2002-07-01,1,767.83681845,1568399040.0,2925.0,
2002-07-02,1,749.46123647,1530864704.0,14846.0,
2002-07-03,1,754.71140275,1541588800.0,11500.0,
2002-07-16,1,767.83681845,1568399040.0,11700.0,
2002-07-17,1,761.2741106,1554993920.0,29000.0,
2002-07-18,1,761.2741125,1420942720.0,57770.0,
2002-07-19,1,768.4559437500001,1434347840.0,0.0,
2002-07-23,1,768.4559437500001,1434347840.0,18190.0,
2002-07-29,1,768.4559437500001,1434347840.0,21400.0,
2002-07-30,1,775.637775,1447752960.0,0.0,
2002-07-31,1,775.637775,1447752960.0,2700.0,
2002-08-05,1,782.81960625,1461158080.0,545.0,
2002-08-06,1,775.637775,1447752960.0,8640.0,
2002-08-07,1,781.38324,1458477056.0,5440.0,
2002-08-12,1,781.38324,1458477056.0,3264.0,
2002-08-16,1,775.637775,1447752960.0,13500.0,
2002-08-19,1,775.637775,1447752960.0,2160.0,
2002-08-20,1,768.4559437500001,1434347840.0,7490.0,
2002-08-21,1,768.4559437500001,1434347840.0,3210.0,
2002-08-23,1,775.637775,1447752960.0,1080.0,
2002-08-28,1,768.4559437500001,1434347840.0,7490.0,
2002-08-29,1,775.637775,1447752960.0,13500.0,
2002-08-30,1,775.637775,1447752960.0,5940.0,
2002-09-02,1,781.38324,1458477056.0,2720.0,
2002-09-03,1,781.38324,1458477056.0,2176.0,
2002-09-05,1,768.4559437500001,1434347840.0,2675.0,
2002-09-11,1,768.4559437500001,1434347840.0,1605.0,
2002-09-12,1,761.2741125,1420942720.0,5300.0,
2002-09-13,1,768.4559437500001,1434347840.0,0.0,
2002-09-17,1,768.4559437500001,1434347840.0,5350.0,
2002-09-19,1,768.4559437500001,1434347840.0,21400.0,
2002-09-20,1,768.4559437500001,1434347840.0,8025.0,
2002-09-25,1,768.4559437500001,1434347840.0,8025.0,
2002-09-30,1,761.2741125,1420942720.0,29150.0,
2002-10-01,1,768.4559437500001,1434347840.0,0.0,
2002-10-02,1,768.4559437500001,1434347840.0,10700.0,
2002-10-03,1,768.4559437500001,1434347840.0,2675.0,
2002-10-04,1,768.4559437500001,1434347840.0,10700.0,
2002-10-08,1,761.2741125,1420942720.0,37100.0,
2002-10-09,1,761.2741125,1420942720.0,15900.0,
2002-10-15,1,775.637775,1447752960.0,16200.0,
2002-10-17,1,781.38324,1458477056.0,14688.0,
2002-10-18,1,781.38324,1458477056.0,19040.0,
2002-10-31,1,781.38324,1458477056.0,5440.0,
2002-11-15,1,781.38324,1458477056.0,5440.0,
2002-11-18,1,781.38324,1458477056.0,4352.0,
2002-11-20,1,782.81960625,1461158080.0,8720.0,
2002-11-25,1,768.4559437500001,1434347840.0,2675.0,
2002-11-28,1,768.4559437500001,1434347840.0,10700.0,
2002-11-29,1,775.637775,1447752960.0,16200.0,
2002-12-03,1,782.81960625,1461158080.0,4360.0,
2002-12-04,1,782.81960625,1461158080.0,2725.0,
2002-12-10,1,775.637775,1447752960.0,540.0,
2002-12-12,1,775.637775,1447752960.0,14040.0,
2002-12-16,1,775.637775,1447752960.0,0.0,
2002-12-18,1,782.81960625,1461158080.0,2180.0,
2002-12-19,1,782.81960625,1461158080.0,5450.0,
2002-12-23,1,768.4559437500001,1434347840.0,4280.0,
2002-12-30,1,782.81960625,1461158080.0,5450.0,
2003-01-03,1,790.0014375000001,1474563200.0,5500.0,
2003-01-06,1,785.6923387500001,1466520128.0,1094.0,
2003-01-07,1,782.81960625,1461158080.0,13625.0,
2003-01-08,1,790.0014375000001,1474563200.0,1100.0,
2003-01-10,1,790.0014375000001,1474563200.0,11000.0,
2003-01-13,1,782.81960625,1461158080.0,3815.0,
2003-01-14,1,782.81960625,1461158080.0,9810.0,
2003-01-15,1,782.81960625,1461158080.0,11445.0,
2003-01-16,1,782.81960625,1461158080.0,1090.0,
2003-01-20,1,782.81960625,1461158080.0,2180.0,
2003-01-22,1,782.81960625,1461158080.0,545.0,
2003-01-27,1,790.0014375000001,1474563200.0,550.0,
2003-01-28,1,775.637775,1447752960.0,10800.0,
2003-01-29,1,790.0014375000001,1474563200.0,12650.0,
2003-02-13,1,790.0014375000001,1474563200.0,1100.0,
2003-02-14,1,790.0014375000001,1474563200.0,2750.0,
2003-02-20,1,797.18326875,1487968320.0,3330.0,
2003-02-21,1,790.0014375000001,1474563200.0,13750.0,
2003-02-24,1,795.7469025,1485287296.0,5540.0,
2003-02-25,1,795.7469025,1485287296.0,1108.0,
2003-02-26,1,795.7469025,1485287296.0,2216.0,
2003-02-28,1,790.0014375000001,1474563200.0,7700.0,
2003-03-04,1,804.3651,1501373440.0,2240.0,
2003-03-05,1,804.3651,1501373440.0,2240.0,
2003-03-07,1,804.3651,1501373440.0,5600.0,
2003-03-10,1,801.4923675,1496011392.0,0.0,
2003-03-11,1,782.81960625,1461158080.0,11990.0,
2003-03-12,1,801.4923675,1496011392.0,5580.0,
2003-03-13,1,782.81960625,1461158080.0,17440.0,
2003-03-14,1,782.81960625,1461158080.0,3270.0,
2003-03-21,1,790.0014375000001,1474563200.0,8250.0,
2003-03-31,1,797.18326875,1487968320.0,21090.0,
2003-04-01,1,797.18326875,1487968320.0,5550.0,
2003-04-03,1,804.3651,1474563200.0,7700.0,
2003-04-04,1,804.3651,1474563200.0,13750.0,
2003-04-08,1,804.3651,1474563200.0,5500.0,
2003-04-09,1,804.3651,1474563200.0,2750.0,
2003-04-10,1,804.3651,1474563200.0,2200.0,
2003-04-11,1,789.74028,1447752960.0,21060.0,
2003-04-14,1,804.3651,1474563200.0,0.0,
2003-04-23,1,804.3651,1474563200.0,1100.0,
2003-04-29,1,816.064956,1496011392.0,15624.0,
2003-04-30,1,804.3651,1474563200.0,40700.0,
2003-05-02,1,804.3651,1474563200.0,14300.0,
2003-05-06,1,804.3651,1474563200.0,72600.0,
2003-05-07,1,804.3651,1474563200.0,1100.0,
2003-05-08,1,804.3651,1474563200.0,5500.0,
2003-05-14,1,804.3651,1474563200.0,13750.0,
2003-05-15,1,789.74028,1447752960.0,65880.0,
2003-05-16,1,775.11546,1420942720.0,52470.0,
2003-05-19,1,797.05269,1461158080.0,16895.0,
2003-05-21,1,811.67751,1487968320.0,5550.0,
2003-05-26,1,811.67751,1487968320.0,555.0,
2003-05-27,1,804.3651,1474563200.0,5500.0,
2003-06-02,1,804.3651,1474563200.0,8250.0,
2003-06-11,1,811.67751,1487968320.0,1665.0,
2003-06-16,1,797.05269,1461158080.0,16350.0,
2003-06-18,1,804.3651,1474563200.0,2750.0,
2003-06-24,1,811.67751,1487968320.0,11100.0,
2003-06-25,1,818.98992,1501373440.0,4480.0,
2003-06-26,1,811.67751,1487968320.0,555.0,
2003-06-30,1,804.3651,1474563200.0,8250.0,
2003-07-02,1,804.3651,1474563200.0,550.0,
2003-07-04,1,804.3651,1474563200.0,2200.0,
2003-07-14,1,811.67751,1487968320.0,6660.0,
2003-07-17,1,811.67751,1487968320.0,11100.0,
2003-07-28,1,817.5274380000001,1498692416.0,1118.0,
2003-07-31,1,804.3651,1474563200.0,11000.0,
2003-08-04,1,817.5274380000001,1498692416.0,2795.0,
2003-08-05,1,817.5274380000001,1498692416.0,11180.0,
2003-08-08,1,818.98992,1501373440.0,560.0,
2003-08-14,1,818.98992,1501373440.0,16240.0,
2003-08-15,1,804.3651,1474563200.0,19250.0,
2003-08-20,1,804.3651,1474563200.0,550.0,
2003-08-25,1,804.3651,1474563200.0,14850.0,
2003-08-26,1,826.30233,1514778560.0,2825.0,
2003-09-15,1,804.3651,1474563200.0,2750.0,
2003-10-09,1,804.3651,1474563200.0,14300.0,
2003-10-23,1,804.3651,1474563200.0,11000.0,
2003-10-24,1,821.914884,1506735488.0,2810.0,
2003-11-11,1,821.914884,1506735488.0,6182.0,
2003-11-12,1,804.3651,1474563200.0,33000.0,
2003-11-13,1,821.914884,1506735488.0,2810.0,
2003-11-20,1,821.914884,1506735488.0,7868.0,
2003-11-21,1,821.914884,1506735488.0,5620.0,
2003-11-24,1,811.67751,1487968320.0,1110.0,
2003-11-25,1,811.67751,1487968320.0,5550.0,
2003-11-27,1,811.67751,1487968320.0,16650.0,
2003-12-02,1,811.67751,1487968320.0,4995.0,
2003-12-03,1,811.67751,1487968320.0,5550.0,
2003-12-09,1,826.30233,1514778560.0,565.0,
2003-12-11,1,818.98992,1501373440.0,5600.0,
2003-12-16,1,818.98992,1501373440.0,7280.0,
2003-12-22,1,826.30233,1514778560.0,5650.0,
2003-12-23,1,821.914884,1506735488.0,17984.0,
2003-12-30,1,826.30233,1514778560.0,39550.0,
2004-01-05,1,830.689776,1522821632.0,3976.0,
2004-01-06,1,833.61474,1528183680.0,4560.0,
2004-01-09,1,833.61474,1528183680.0,22800.0,
2004-01-15,1,818.98992,1501373440.0,33600.0,
2004-01-20,1,833.61474,1528183680.0,17100.0,
2004-01-23,1,827.764812,1517459584.0,5660.0,
2004-01-26,1,840.92715,1541588800.0,14375.0,
2004-01-27,1,845.314596,1549631872.0,4046.0,
2004-01-30,1,845.314596,1549631872.0,8092.0,
2004-02-02,1,836.539704,1533545728.0,572.0,
2004-02-03,1,845.314596,1549631872.0,1156.0,
2004-02-04,1,840.92715,1541588800.0,1725.0,
2004-02-06,1,845.314596,1549631872.0,12716.0,
2004-02-10,1,845.314596,1549631872.0,11560.0,
2004-02-13,1,845.314596,1549631872.0,8092.0,
2004-02-16,1,848.23956,1554993920.0,5800.0,
2004-02-23,1,839.4646680000001,1538907776.0,574.0,
2004-02-25,1,852.627006,1563036992.0,4664.0,
2004-02-27,1,842.389632,1544269824.0,13248.0,
2004-03-01,1,852.627006,1563036992.0,1166.0,
2004-03-03,1,852.627006,1563036992.0,4664.0,
2004-03-05,1,852.627006,1563036992.0,2332.0,
2004-03-08,1,852.627006,1563036992.0,1166.0,
2004-03-09,1,842.389632,1544269824.0,1728.0,
2004-03-11,1,852.627006,1563036992.0,7579.0,
2004-03-15,1,852.627006,1563036992.0,14575.0,
2004-03-16,1,852.627006,1563036992.0,5830.0,
2004-03-17,1,854.0894880000001,1565718016.0,1168.0,
2004-03-18,1,855.55197,1568399040.0,2340.0,
2004-03-19,1,855.55197,1568399040.0,2925.0,
2004-03-22,1,855.55197,1568399040.0,2925.0,
2004-03-25,1,855.55197,1568399040.0,11115.0,
2004-03-29,1,855.55197,1568399040.0,585.0,
2004-03-30,1,858.476934,1573761088.0,11740.0,
2004-03-31,1,859.939416,1576442112.0,11760.0,
2004-04-06,1,859.939416,1576442112.0,11760.0,
2004-04-07,1,865.78934592,1560355968.0,6984.0,
2004-04-08,1,870.2521776,1568399040.0,585.0,
2004-04-13,1,870.2521776,1568399040.0,5850.0,
2004-04-15,1,877.6902304,1581804160.0,14160.0,
2004-04-16,1,877.6902304,1581804160.0,5900.0,
2004-04-19,1,877.6902304,1581804160.0,1180.0,
2004-04-22,1,877.6902304,1581804160.0,8850.0,
2004-04-26,1,877.6902304,1581804160.0,5900.0,
2004-04-28,1,882.15306208,1589847232.0,593.0,
2004-05-03,1,870.2521776,1568399040.0,46800.0,
2004-05-04,1,877.6902304,1581804160.0,5900.0,
2004-05-06,1,877.6902304,1581804160.0,1180.0,
2004-05-13,1,877.6902304,1581804160.0,6490.0,
2004-05-14,1,877.6902304,1581804160.0,5900.0,
2004-05-17,1,874.71500928,1576442112.0,0.0,
2004-05-19,1,874.71500928,1576442112.0,5880.0,
2004-05-26,1,870.2521776,1568399040.0,3510.0,
2004-06-04,1,874.71500928,1576442112.0,588.0,
2004-06-08,1,874.71500928,1576442112.0,588.0,
2004-06-21,1,877.6902304,1581804160.0,590.0,
2004-06-24,1,882.15306208,1589847232.0,1186.0,
2004-06-25,1,882.15306208,1589847232.0,39138.0,
2004-06-28,1,882.15306208,1589847232.0,1186.0,
2004-06-29,1,882.15306208,1589847232.0,2372.0,
2004-07-01,1,885.1282832,1595209280.0,5355.0,
2004-07-02,1,882.15306208,1589847232.0,0.0,
2004-07-15,1,877.6902304,1581804160.0,5900.0,
2004-07-16,1,882.15306208,1589847232.0,5930.0,
2004-07-19,1,882.15306208,1589847232.0,5930.0,
2004-07-21,1,870.2521776,1568399040.0,29250.0,
2004-07-22,1,870.2521776,1568399040.0,40950.0,
2004-07-26,1,874.71500928,1576442112.0,588.0,
2004-07-27,1,870.2521776,1568399040.0,1755.0,
2004-07-28,1,874.71500928,1576442112.0,588.0,
2004-07-30,1,874.71500928,1576442112.0,588.0,
2004-08-10,1,874.71500928,1576442112.0,1176.0,
2004-08-11,1,871.73978816,1571080064.0,1172.0,
2004-08-18,1,874.71500928,1576442112.0,8820.0,
2004-08-20,1,870.2521776,1568399040.0,14625.0,
2004-08-23,1,870.2521776,1568399040.0,3510.0,
2004-08-25,1,867.27695648,1563036992.0,14575.0,
2004-08-26,1,870.2521776,1568399040.0,39195.0,
2004-08-27,1,870.2521776,1568399040.0,1170.0,
2004-09-01,1,864.3017353600001,1557674944.0,14525.0,
2004-09-08,1,870.2521776,1568399040.0,3510.0,
2004-09-16,1,870.2521776,1568399040.0,585.0,
2004-09-21,1,874.71500928,1576442112.0,0.0,
2004-09-24,1,874.71500928,1576442112.0,2940.0,
2004-09-29,1,874.71500928,1576442112.0,1176.0,
2004-10-06,1,877.6902304,1581804160.0,0.0,
2004-10-07,1,882.15306208,1589847232.0,593.0,
2004-10-12,1,882.15306208,1589847232.0,593.0,
2004-10-14,1,874.71500928,1576442112.0,0.0,
2004-10-22,1,874.71500928,1576442112.0,14700.0,
2004-10-25,1,870.2521776,1568399040.0,118755.0,
2004-10-26,1,865.78934592,1560355968.0,32010.0,
2004-10-27,1,874.71500928,1576442112.0,13524.0,
2004-10-28,1,874.71500928,1576442112.0,23520.0,
2004-10-29,1,877.6902304,1581804160.0,27140.0,
2004-11-01,1,882.15306208,1589847232.0,21348.0,
2004-11-02,1,882.15306208,1589847232.0,3558.0,
2004-11-04,1,885.1282832,1595209280.0,595.0,
2004-11-05,1,885.1282832,1595209280.0,2975.0,
2004-11-08,1,885.1282832,1595209280.0,2975.0,
2004-11-09,1,876.20261984,1579123136.0,17670.0,
2004-11-10,1,885.1282832,1595209280.0,11900.0,
2004-11-12,1,881.4092568,1588506720.0,592.5,
2004-11-15,1,880.66545152,1587166208.0,592.0,
2004-11-16,1,880.66545152,1587166208.0,11840.0,
2004-11-17,1,881.4092568,1588506720.0,0.0,
2004-11-18,1,885.1282832,1595209280.0,5950.0,
2004-11-19,1,885.87208848,1596549792.0,0.0,
2004-11-22,1,889.59111488,1603252352.0,11960.0,
2004-11-23,1,877.6902304,1581804160.0,126850.0,
2004-11-24,1,885.87208848,1596549792.0,0.0,
2004-11-25,1,889.59111488,1603252352.0,14950.0,
2004-11-26,1,890.33492016,1604592864.0,0.0,
2004-11-29,1,889.59111488,1603252352.0,5980.0,
2004-11-30,1,890.33492016,1604592864.0,0.0,
2004-12-01,1,892.566336,1608614400.0,1200.0,
2004-12-06,1,892.566336,1608614400.0,1800.0,
2004-12-15,1,892.566336,1608614400.0,39000.0,
2004-12-16,1,900.0043888,1622019520.0,57475.0,
2004-12-17,1,902.97960992,1627381568.0,7284.0,
2004-12-20,1,895.54155712,1613976448.0,2408.0,
2004-12-22,1,900.0043888,1622019520.0,26015.0,
2004-12-23,1,907.4424416,1635424640.0,37820.0,
2004-12-27,1,904.46722048,1630062592.0,5472.0,
2004-12-28,1,904.46722048,1630062592.0,19456.0,
2005-01-04,1,907.4424416,1635424640.0,0.0,
2005-01-10,1,907.4424416,1635424640.0,1220.0,
2005-01-11,1,910.4176627200001,1640786688.0,1224.0,
2005-01-13,1,910.4176627200001,1640786688.0,15300.0,
2005-01-18,1,914.8804944,1648829760.0,6150.0,
2005-01-20,1,914.8804944,1648829760.0,6150.0,
2005-01-24,1,914.8804944,1648829760.0,11685.0,
2005-01-25,1,914.8804944,1648829760.0,6150.0,
2005-01-26,1,919.34332608,1656872832.0,6180.0,
2005-01-28,1,919.34332608,1656872832.0,8034.0,
2005-01-31,1,919.34332608,1656872832.0,30900.0,
2005-02-01,1,922.3185472,1662234880.0,13640.0,
2005-02-02,1,922.3185472,1662234880.0,15500.0,
2005-02-04,1,926.78137888,1670277952.0,7476.0,
2005-02-07,1,926.78137888,1670277952.0,17444.0,
2005-02-09,1,929.7566,1675640000.0,75625.0,
2005-02-10,1,931.24421056,1678321024.0,0.0,
2005-02-11,1,931.24421056,1678321024.0,6260.0,
2005-02-14,1,935.70704224,1686364096.0,629.0,
2005-02-16,1,935.70704224,1686364096.0,6290.0,
2005-02-17,1,935.70704224,1686364096.0,9435.0,
2005-02-18,1,935.70704224,1686364096.0,1887.0,
2005-02-22,1,937.1946528,1689045120.0,18270.0,
2005-02-23,1,929.7566,1675640000.0,62500.0,
2005-02-24,1,937.1946528,1689045120.0,6300.0,
2005-02-25,1,937.1946528,1689045120.0,25200.0,
2005-02-28,1,941.65748448,1697088192.0,9495.0,
2005-03-03,1,941.65748448,1697088192.0,6330.0,
2005-03-04,1,937.1946528,1689045120.0,22050.0,
2005-03-07,1,940.16987392,1694407168.0,1264.0,
2005-03-09,1,944.6327056,1702450240.0,6985.0,
2005-03-10,1,944.6327056,1702450240.0,1270.0,
2005-03-11,1,944.6327056,1702450240.0,7620.0,
2005-03-14,1,944.6327056,1702450240.0,1270.0,
2005-03-17,1,944.6327056,1702450240.0,3810.0,
2005-03-22,1,944.6327056,1702450240.0,635.0,
2005-04-04,1,952.0707584,1715855360.0,49280.0,
2005-04-05,1,954.30217424,1719876896.0,8981.0,
2005-04-06,1,959.5088125,1702450240.0,43815.0,
2005-04-07,1,959.5088125,1702450240.0,3175.0,
2005-04-08,1,964.041925,1710493312.0,6380.0,
2005-04-11,1,964.041925,1710493312.0,8932.0,
2005-04-13,1,967.0640000000001,1715855360.0,1280.0,
2005-04-15,1,967.0640000000001,1715855360.0,2560.0,
2005-04-18,1,961.01985,1705131264.0,4452.0,
2005-04-19,1,967.0640000000001,1715855360.0,3200.0,
2005-04-21,1,964.041925,1710493312.0,21054.0,
2005-04-26,1,968.5750375,1718536384.0,61536.0,
2005-04-27,1,964.041925,1710493312.0,0.0,
2005-04-28,1,964.041925,1710493312.0,1276.0,
2005-05-02,1,967.0640000000001,1715855360.0,0.0,
2005-05-03,1,973.10815,1726579456.0,12880.0,
2005-05-04,1,976.130225,1731941504.0,32300.0,
2005-05-06,1,979.1523,1737303552.0,14256.0,
2005-05-09,1,982.174375,1742665600.0,32500.0,
2005-05-10,1,977.6412625,1734622528.0,40761.0,
2005-05-11,1,982.174375,1742665600.0,1300.0,
2005-05-12,1,982.174375,1742665600.0,650.0,
2005-05-13,1,982.174375,1742665600.0,11050.0,
2005-05-17,1,982.174375,1742665600.0,1300.0,
2005-05-18,1,973.10815,1726579456.0,96600.0,
2005-05-19,1,976.130225,1731941504.0,0.0,
2005-05-20,1,980.6633375,1739984576.0,25311.0,
2005-05-23,1,976.130225,1731941504.0,3876.0,
2005-05-24,1,982.174375,1742665600.0,7800.0,
2005-05-27,1,982.174375,1742665600.0,650.0,
2005-05-30,1,986.7074875000001,1750708672.0,1306.0,
2005-05-31,1,982.174375,1742665600.0,152750.0,
2005-06-01,1,986.7074875000001,1750708672.0,0.0,
2005-06-02,1,987.46300625,1752049184.0,13070.0,
2005-06-03,1,986.7074875000001,1750708672.0,8489.0,
2005-06-06,1,987.46300625,1752049184.0,5228.0,
2005-06-07,1,992.7516375,1761432768.0,657.0,
2005-06-08,1,992.7516375,1761432768.0,2628.0,
2005-06-09,1,992.7516375,1761432768.0,40734.0,
2005-06-16,1,997.28475,1769475840.0,3300.0,
2005-06-20,1,994.2626750000001,1764113792.0,15134.0,
2005-06-21,1,989.7295625,1756070720.0,3930.0,
2005-06-22,1,992.7516375,1761432768.0,7227.0,
2005-06-23,1,992.7516375,1761432768.0,17739.0,
2005-06-27,1,997.28475,1769475840.0,1320.0,
2005-06-30,1,997.28475,1769475840.0,5280.0,
2005-07-01,1,997.28475,1769475840.0,16500.0,
2005-07-04,1,992.7516375,1761432768.0,3942.0,
2005-07-07,1,997.28475,1769475840.0,8580.0,
2005-07-08,1,997.28475,1769475840.0,9900.0,
2005-07-11,1,1000.306825,1774837888.0,0.0,
2005-07-12,1,1000.306825,1774837888.0,33100.0,
2005-07-13,1,1004.8399375,1782880960.0,33250.0,
2005-07-14,1,1001.8178625,1777518912.0,0.0,
2005-07-18,1,1004.8399375,1782880960.0,69825.0,
2005-07-19,1,1007.8620125,1788243008.0,0.0,
2005-07-22,1,1007.8620125,1788243008.0,36018.0,
2005-07-25,1,1007.8620125,1788243008.0,34017.0,
2005-07-26,1,1007.8620125,1788243008.0,667.0,
2005-07-28,1,1015.4172,1801648128.0,0.0,
2005-07-29,1,1018.4392750000001,1807010176.0,13480.0,
2005-08-02,1,1018.4392750000001,1807010176.0,14828.0,
2005-08-03,1,1022.9723875,1815053248.0,4739.0,
2005-08-08,1,1022.9723875,1815053248.0,27080.0,
2005-08-09,1,1027.5055,1823096320.0,18360.0,
2005-08-10,1,1035.0606875,1836501440.0,58225.0,
2005-08-11,1,1035.0606875,1836501440.0,27400.0,
2005-08-15,1,1039.5938,1844544512.0,4816.0,
2005-08-17,1,1041.1048375,1847225536.0,0.0,
2005-08-18,1,1045.63795,1855268608.0,41520.0,
2005-08-22,1,1045.63795,1855268608.0,11764.0,
2005-08-23,1,1044.1269125000001,1852587584.0,34550.0,
2005-08-24,1,1041.1048375,1847225536.0,41340.0,
2005-08-25,1,1042.615875,1849906560.0,10350.0,
2005-08-29,1,1041.1048375,1847225536.0,5512.0,
2005-09-01,1,1045.63795,1855268608.0,0.0,
2005-09-05,1,1045.63795,1855268608.0,6920.0,
2005-09-07,1,1050.1710625,1863311680.0,10425.0,
2005-09-08,1,1050.1710625,1863311680.0,6950.0,
2005-09-13,1,1054.704175,1871354752.0,2792.0,
2005-09-14,1,1054.704175,1871354752.0,29316.0,
2005-09-15,1,1054.704175,1871354752.0,3490.0,
2005-09-19,1,1054.704175,1871354752.0,698.0,
2005-09-21,1,1057.72625,1876716800.0,7000.0,
2005-09-26,1,1057.72625,1876716800.0,55300.0,
2005-09-27,1,1059.2372875,1879397824.0,0.0,
2005-10-05,1,1062.2593625,1884759872.0,47804.0,
2005-10-06,1,1059.2372875,1879397824.0,1402.0,
2005-10-10,1,1062.2593625,1884759872.0,1406.0,
2005-10-11,1,1065.2814375,1890121920.0,9165.0,
2005-10-12,1,1068.3035125000001,1895483968.0,9191.0,
2005-10-17,1,1068.3035125000001,1895483968.0,7070.0,
2005-10-21,1,1062.2593625,1884759872.0,92093.0,
2005-10-24,1,1066.792475,1892802944.0,3530.0,
2005-10-25,1,1072.836625,1903527040.0,1420.0,
2005-10-26,1,1072.836625,1903527040.0,14910.0,
2005-10-27,1,1069.81455,1898164992.0,21240.0,
2005-10-31,1,1072.836625,1903527040.0,6390.0,
2005-11-01,1,1072.836625,1903527040.0,7810.0,
2005-11-02,1,1077.3697375,1911570112.0,0.0,
2005-11-03,1,1080.3918125,1916932160.0,1430.0,
2005-11-04,1,1087.9470000000001,1930337280.0,8640.0,
2005-11-07,1,1095.5021875,1943742400.0,1450.0,
2005-11-08,1,1095.5021875,1943742400.0,54375.0,
2005-11-09,1,1103.057375,1957147520.0,3650.0,
2005-11-11,1,1098.5242625,1949104448.0,4362.0,
2005-11-14,1,1103.057375,1957147520.0,10220.0,
2005-11-15,1,1103.057375,1957147520.0,5840.0,
2005-11-16,1,1103.057375,1957147520.0,1460.0,
2005-11-17,1,1098.5242625,1949104448.0,3635.0,
2005-11-18,1,1110.6125625,1970552640.0,735.0,
2005-11-21,1,1110.6125625,1970552640.0,10290.0,
2005-11-22,1,1113.6346375,1975914688.0,11055.0,
2005-11-23,1,1110.6125625,1970552640.0,735.0,
2005-11-28,1,1124.2119,1994681856.0,12648.0,
2005-11-29,1,1124.2119,1994681856.0,37200.0,
2005-12-02,1,1124.2119,1994681856.0,19344.0,
2005-12-08,1,1118.16775,1983957760.0,11100.0,
2005-12-12,1,1118.16775,1983957760.0,7400.0,
2005-12-13,1,1124.2119,1994681856.0,744.0,
2005-12-19,1,1121.189825,1989319808.0,0.0,
2005-12-20,1,1121.189825,1989319808.0,7420.0,
2005-12-22,1,1125.7229375,1997362880.0,14900.0,
2005-12-28,1,1128.7450125,2002724928.0,2241.0,
2005-12-29,1,1131.7670875000001,2008086976.0,7490.0,
2006-01-03,1,1134.7891625,2013449024.0,751.0,
2006-01-04,1,1134.7891625,2013449024.0,7510.0,
2006-01-05,1,1134.7891625,2013449024.0,9012.0,
2006-01-09,1,1134.7891625,2013449024.0,10514.0,
2006-01-10,1,1134.7891625,2013449024.0,6759.0,
2006-01-11,1,1140.8333125,2024173120.0,0.0,
2006-01-12,1,1140.8333125,2024173120.0,18875.0,
2006-01-13,1,1140.8333125,2024173120.0,25670.0,
2006-01-16,1,1143.8553875,2029535168.0,7570.0,
2006-01-17,1,1143.8553875,2029535168.0,4542.0,
2006-01-19,1,1140.8333125,2024173120.0,7550.0,
2006-01-23,1,1143.8553875,2029535168.0,7570.0,
2006-01-24,1,1140.8333125,2024173120.0,14345.0,
2006-01-26,1,1145.366425,2032216192.0,53060.0,
2006-01-27,1,1145.366425,2032216192.0,6064.0,
2006-01-30,1,1145.366425,2032216192.0,7580.0,
2006-01-31,1,1140.8333125,2024173120.0,2265.0,
2006-02-02,1,1145.366425,2032216192.0,5306.0,
2006-02-06,1,1145.366425,2032216192.0,8338.0,
2006-02-08,1,1145.366425,2032216192.0,1516.0,
2006-02-09,1,1145.366425,2032216192.0,1516.0,
2006-02-10,1,1145.366425,2032216192.0,3790.0,
2006-02-13,1,1145.366425,2032216192.0,12886.0,
2006-02-15,1,1142.34435,2026854144.0,18900.0,
2006-02-16,1,1140.8333125,2024173120.0,9815.0,
2006-02-17,1,1145.366425,2032216192.0,18192.0,
2006-02-20,1,1145.366425,2032216192.0,8338.0,
2006-02-21,1,1145.366425,2032216192.0,16676.0,
2006-02-22,1,1145.366425,2032216192.0,16676.0,
2006-02-23,1,1145.366425,2032216192.0,7580.0,
2006-02-24,1,1145.366425,2032216192.0,758.0,
2006-02-27,1,1140.8333125,2024173120.0,6040.0,
2006-02-28,1,1145.366425,2032216192.0,3790.0,
2006-03-01,1,1145.366425,2032216192.0,5306.0,
2006-03-02,1,1145.366425,2032216192.0,1516.0,
2006-03-03,1,1140.8333125,2024173120.0,1510.0,
2006-03-06,1,1145.366425,2032216192.0,7580.0,
2006-03-07,1,1140.8333125,2024173120.0,6795.0,
2006-03-10,1,1145.366425,2032216192.0,7580.0,
2006-03-13,1,1145.366425,2032216192.0,3032.0,
2006-03-14,1,1140.8333125,2024173120.0,3775.0,
2006-03-21,1,1142.34435,2026854144.0,0.0,
2006-03-24,1,1145.366425,2032216192.0,1516.0,
2006-03-28,1,1145.366425,2032216192.0,1516.0,
2006-03-29,1,1152.9216125,2045621312.0,114450.0,
2006-03-30,1,1145.366425,2032216192.0,0.0,
2006-04-03,1,1145.366425,2032216192.0,3790.0,
2006-04-04,1,1140.8333125,2024173120.0,10570.0,
2006-04-05,1,1148.38849715,1997362880.0,56620.0,
2006-04-06,1,1153.01288036,2005405952.0,21692.0,
2006-04-07,1,1153.01288036,2005405952.0,1496.0,
2006-04-10,1,1153.01288036,2005405952.0,9724.0,
2006-04-12,1,1153.01288036,2005405952.0,7480.0,
2006-04-13,1,1148.38849715,1997362880.0,0.0,
2006-04-19,1,1156.0958025,2010768000.0,1500.0,
2006-04-21,1,1156.0958025,2010768000.0,750.0,
2006-04-24,1,1156.0958025,2010768000.0,5250.0,
2006-04-26,1,1160.72018571,2018811072.0,9789.0,
2006-05-02,1,1160.72018571,2018811072.0,5271.0,
2006-05-03,1,1160.72018571,2018811072.0,753.0,
2006-05-04,1,1160.72018571,2018811072.0,1506.0,
2006-05-05,1,1160.72018571,2018811072.0,2259.0,
2006-05-08,1,1160.72018571,2018811072.0,7530.0,
2006-05-09,1,1160.72018571,2018811072.0,27108.0,
2006-05-10,1,1160.72018571,2018811072.0,753.0,
2006-05-12,1,1156.0958025,2010768000.0,11250.0,
2006-05-15,1,1148.38849715,1997362880.0,9685.0,
2006-05-17,1,1153.01288036,2005405952.0,38896.0,
2006-05-18,1,1143.76411394,1989319808.0,7420.0,
2006-05-22,1,1140.6811918,1983957760.0,25900.0,
2006-05-23,1,1140.6811918,1983957760.0,1480.0,
2006-05-24,1,1140.6811918,1983957760.0,10360.0,
2006-05-26,1,1136.05680859,1975914688.0,18425.0,
2006-05-29,1,1140.6811918,1983957760.0,0.0,
2006-05-31,1,1139.1397307299999,1981276736.0,0.0,
2006-06-02,1,1134.51534752,1973233664.0,7360.0,
2006-06-06,1,1134.51534752,1973233664.0,28704.0,
2006-06-07,1,1134.51534752,1973233664.0,3680.0,
2006-06-08,1,1134.51534752,1973233664.0,3680.0,
2006-06-09,1,1131.43242538,1967871616.0,132120.0,
2006-06-13,1,1128.34950324,1962509568.0,2196.0,
2006-06-14,1,1128.34950324,1962509568.0,10980.0,
2006-06-15,1,1128.34950324,1962509568.0,23424.0,
2006-06-16,1,1128.34950324,1962509568.0,7320.0,
2006-06-19,1,1134.51534752,1973233664.0,0.0,
2006-06-20,1,1140.6811918,1983957760.0,1480.0,
2006-06-23,1,1140.6811918,1983957760.0,17760.0,
2006-06-26,1,1140.6811918,1983957760.0,8880.0,
2006-07-03,1,1134.51534752,1973233664.0,736.0,
2006-07-06,1,1148.38849715,1997362880.0,0.0,
2006-07-07,1,1153.01288036,2005405952.0,11220.0,
2006-07-11,1,1148.38849715,1997362880.0,26075.0,
2006-07-12,1,1148.38849715,1997362880.0,3725.0,
2006-07-13,1,1148.38849715,1997362880.0,7450.0,
2006-07-14,1,1143.76411394,1989319808.0,31906.0,
2006-07-20,1,1148.38849715,1997362880.0,3725.0,
2006-07-21,1,1151.47141929,2002724928.0,0.0,
2006-07-24,1,1156.0958025,2010768000.0,30000.0,
2006-07-25,1,1161.4909162449999,2020151584.0,0.0,
2006-07-27,1,1161.4909162449999,2020151584.0,7535.0,
2006-08-04,1,1165.34456892,2026854144.0,3780.0,
2006-08-11,1,1168.42749106,2032216192.0,0.0,
2006-08-18,1,1168.42749106,2032216192.0,22740.0,
2006-08-23,1,1168.42749106,2032216192.0,3032.0,
2006-08-28,1,1173.05187427,2040259264.0,1522.0,
2006-08-30,1,1173.05187427,2040259264.0,38050.0,
2006-08-31,1,1173.05187427,2040259264.0,7610.0,
2006-09-04,1,1173.05187427,2040259264.0,761.0,
2006-09-05,1,1173.05187427,2040259264.0,7610.0,
2006-09-06,1,1168.42749106,2032216192.0,4548.0,
2006-09-07,1,1168.42749106,2032216192.0,3790.0,
2006-09-11,1,1173.05187427,2040259264.0,15220.0,
2006-09-13,1,1173.05187427,2040259264.0,14459.0,
2006-09-14,1,1179.21771855,2050983360.0,0.0,
2006-09-20,1,1186.9250239,2064388480.0,0.0,
2006-09-21,1,1186.9250239,2064388480.0,3850.0,
2006-09-22,1,1191.54940711,2072431552.0,47153.0,
2006-09-25,1,1191.54940711,2072431552.0,1546.0,
2006-09-27,1,1183.8421017599999,2059026432.0,7680.0,
2006-09-29,1,1185.38356283,2061707456.0,0.0,
2006-10-02,1,1191.54940711,2072431552.0,1546.0,
2006-10-03,1,1191.54940711,2072431552.0,773.0,
2006-10-05,1,1194.6323292499999,2077793600.0,39525.0,
2006-10-06,1,1263.9980774,2198439680.0,533000.0,
2006-10-09,1,1256.29077205,2185034560.0,20375.0,
2006-10-11,1,1263.9980774,2198439680.0,103320.0,
2006-10-12,1,1256.29077205,2185034560.0,15485.0,
2006-10-16,1,1256.29077205,2185034560.0,12225.0,
2006-10-18,1,1271.70538275,2211844800.0,9075.0,
2006-10-20,1,1271.70538275,2211844800.0,41250.0,
2006-10-23,1,1271.70538275,2211844800.0,28050.0,
2006-10-24,1,1271.70538275,2211844800.0,41250.0,
2006-10-25,1,1271.70538275,2211844800.0,1650.0,
2006-10-27,1,1294.8272987999999,2252060160.0,85680.0,
2006-10-30,1,1271.70538275,2211844800.0,57750.0,
2006-11-02,1,1271.70538275,2211844800.0,59400.0,
2006-11-06,1,1287.11999345,2238655040.0,41750.0,
2006-11-07,1,1294.8272987999999,2252060160.0,42840.0,
2006-11-09,1,1287.11999345,2238655040.0,41750.0,
2006-11-10,1,1294.8272987999999,2252060160.0,1680.0,
2006-11-14,1,1279.4126881,2225249920.0,24900.0,
2006-11-16,1,1279.4126881,2225249920.0,41500.0,
2006-11-17,1,1279.4126881,2225249920.0,13280.0,
2006-11-21,1,1279.4126881,2225249920.0,8300.0,
2006-11-23,1,1271.70538275,2211844800.0,136950.0,
2006-11-24,1,1265.53953847,2201120704.0,23809.0,
2006-11-27,1,1263.9980774,2198439680.0,18040.0,
2006-11-28,1,1233.168856,2144819200.0,141600.0,
2006-11-29,1,1240.87616135,2158224320.0,2415.0,
2006-11-30,1,1256.29077205,2185034560.0,4075.0,
2006-12-01,1,1233.168856,2144819200.0,88000.0,
2006-12-04,1,1248.5834667,2171629440.0,1620.0,
2006-12-05,1,1233.168856,2144819200.0,8000.0,
2006-12-06,1,1225.46155065,2131414080.0,46110.0,
2006-12-07,1,1225.46155065,2131414080.0,9540.0,
2006-12-08,1,1233.168856,2144819200.0,11200.0,
2006-12-11,1,1233.168856,2144819200.0,13600.0,
2006-12-13,1,1233.168856,2144819200.0,32000.0,
2006-12-15,1,1240.87616135,2158224320.0,49105.0,
2006-12-19,1,1240.87616135,2158224320.0,38640.0,
2006-12-21,1,1240.87616135,2158224320.0,2415.0,
2006-12-22,1,1240.87616135,2158224320.0,19320.0,
2006-12-27,1,1233.168856,2144819200.0,25600.0,
2006-12-28,1,1233.168856,2144819200.0,10400.0,
2006-12-29,1,1240.87616135,2158224320.0,1610.0,
2007-01-03,1,1248.5834667,2171629440.0,23490.0,
2007-01-04,1,1248.5834667,2171629440.0,810.0,
2007-01-05,1,1248.5834667,2171629440.0,10530.0,
2007-01-08,1,1248.5834667,2171629440.0,40500.0,
2007-01-09,1,1256.29077205,2185034560.0,11410.0,
2007-01-11,1,1248.5834667,2171629440.0,16200.0,
2007-01-12,1,1256.29077205,2185034560.0,11410.0,
2007-01-15,1,1256.29077205,2185034560.0,17115.0,
2007-01-16,1,1263.9980774,2198439680.0,59040.0,
2007-01-17,1,1256.29077205,2185034560.0,815.0,
2007-01-18,1,1271.70538275,2211844800.0,82500.0,
2007-01-19,1,1279.4126881,2225249920.0,30710.0,
2007-01-22,1,1248.5834667,2171629440.0,81000.0,
2007-01-23,1,1271.70538275,2211844800.0,825.0,
2007-01-25,1,1271.70538275,2211844800.0,825.0,
2007-01-29,1,1271.70538275,2211844800.0,33825.0,
2007-01-30,1,1248.5834667,2171629440.0,12960.0,
2007-01-31,1,1263.9980774,2198439680.0,12300.0,
2007-02-02,1,1256.29077205,2185034560.0,5705.0,
2007-02-05,1,1263.9980774,2198439680.0,49200.0,
2007-02-06,1,1263.9980774,2198439680.0,20500.0,
2007-02-09,1,1271.70538275,2211844800.0,16500.0,
2007-02-12,1,1271.70538275,2211844800.0,3300.0,
2007-02-13,1,1271.70538275,2211844800.0,16500.0,
2007-02-15,1,1271.70538275,2211844800.0,4950.0,
2007-02-16,1,1271.70538275,2211844800.0,33000.0,
2007-02-19,1,1263.9980774,2198439680.0,8200.0,
2007-02-20,1,1271.70538275,2211844800.0,9075.0,
2007-02-21,1,1279.4126881,2225249920.0,53120.0,
2007-02-22,1,1279.4126881,2225249920.0,13280.0,
2007-02-23,1,1279.4126881,2225249920.0,3320.0,
2007-02-26,1,1271.70538275,2211844800.0,20625.0,
2007-02-27,1,1263.9980774,2198439680.0,1640.0,
2007-02-28,1,1279.4126881,2225249920.0,69720.0,
2007-03-01,1,1279.4126881,2225249920.0,36520.0,
2007-03-02,1,1279.4126881,2225249920.0,17430.0,
2007-03-05,1,1233.168856,2144819200.0,99200.0,
2007-03-06,1,1263.9980774,2198439680.0,8200.0,
2007-03-07,1,1271.70538275,2211844800.0,28050.0,
2007-03-08,1,1271.70538275,2211844800.0,825.0,
2007-03-09,1,1271.70538275,2211844800.0,8250.0,
2007-03-14,1,1271.70538275,2211844800.0,8250.0,
2007-03-15,1,1240.87616135,2158224320.0,1610.0,
2007-03-19,1,1240.87616135,2158224320.0,16905.0,
2007-03-20,1,1248.5834667,2171629440.0,0.0,
2007-03-21,1,1271.70538275,2211844800.0,1650.0,
2007-03-22,1,1271.70538275,2211844800.0,13200.0,
2007-03-23,1,1271.70538275,2211844800.0,10725.0,
2007-03-26,1,1279.4126881,2225249920.0,10790.0,
2007-03-30,1,1263.9980774,2198439680.0,12300.0,
2007-04-05,1,1279.4126881,2225249920.0,7470.0,
2007-04-10,1,1287.11999345,2238655040.0,50100.0,
2007-04-13,1,1287.11999345,2238655040.0,10020.0,
2007-04-16,1,1294.8272987999999,2252060160.0,165480.0,
2007-04-17,1,1310.2419095,2278870400.0,170000.0,
2007-04-18,1,1333.3638276,2252060160.0,163800.0,
2007-04-19,1,1339.71317916,2262784256.0,16880.0,
2007-04-20,1,1317.4904487,2225249920.0,19920.0,
2007-04-24,1,1333.3638276,2252060160.0,1680.0,
2007-04-25,1,1333.3638276,2252060160.0,16800.0,
2007-04-27,1,1333.3638276,2252060160.0,1680.0,
2007-04-30,1,1317.4904487,2225249920.0,19090.0,
2007-05-02,1,1317.4904487,2225249920.0,12450.0,
2007-05-03,1,1317.4904487,2225249920.0,9960.0,
2007-05-08,1,1317.4904487,2225249920.0,30710.0,
2007-05-10,1,1317.4904487,2225249920.0,19090.0,
2007-05-11,1,1333.3638276,2252060160.0,8400.0,
2007-05-15,1,1317.4904487,2225249920.0,4150.0,
2007-05-18,1,1301.6170697999999,2198439680.0,4100.0,
2007-05-21,1,1303.20440769,2201120704.0,0.0,
2007-05-22,1,1333.3638276,2252060160.0,8400.0,
2007-05-23,1,1333.3638276,2252060160.0,840.0,
2007-05-24,1,1333.3638276,2252060160.0,4200.0,
2007-05-29,1,1325.42713815,2238655040.0,8350.0,
2007-05-31,1,1326.2208070949998,2239995552.0,9190.5,
2007-06-01,1,1341.3005170499998,2265465280.0,1690.0,
2007-06-04,1,1326.2208070949998,2239995552.0,6684.0,
2007-06-06,1,1341.3005170499998,2265465280.0,27040.0,
2007-06-07,1,1333.3638276,2252060160.0,0.0,
2007-06-08,1,1333.3638276,2252060160.0,12600.0,
2007-06-13,1,1333.3638276,2299920000.0,5040.0,
2007-06-15,1,1333.3638276,2299920000.0,8400.0,
2007-06-29,1,1333.3638276,2299920000.0,8400.0,
2007-07-02,1,1333.3638276,2299920000.0,8400.0,
2007-07-09,1,1317.4904487,2272540000.0,7470.0,
2007-07-10,1,1333.3638276,2299920000.0,28560.0,
2007-07-12,1,1325.42713815,2286230000.0,3340.0,
2007-07-13,1,1333.3638276,2299920000.0,1680.0,
2007-07-16,1,1333.3638276,2299920000.0,8400.0,
2007-07-23,1,1333.3638276,2299920000.0,3360.0,
2007-07-24,1,1325.42713815,2286230000.0,8350.0,
2007-07-25,1,1325.42713815,2286230000.0,7515.0,
2007-07-26,1,1333.3638276,2299920000.0,1680.0,
2007-07-27,1,1317.4904487,2272540000.0,7470.0,
2007-07-30,1,1301.6170697999999,2245160000.0,1640.0,
2007-07-31,1,1301.6170697999999,2245160000.0,18040.0,
2007-08-02,1,1309.55375925,2258850000.0,0.0,
2007-08-07,1,1309.55375925,2258850000.0,4125.0,
2007-08-09,1,1301.6170697999999,2245160000.0,0.0,
2007-08-10,1,1300.823400855,2243791000.0,0.0,
2007-08-13,1,1301.6170697999999,2245160000.0,16400.0,
2007-08-14,1,1285.7436909,2217780000.0,8910.0,
2007-08-16,1,1301.6170697999999,2245160000.0,36900.0,
2007-08-17,1,1293.68038035,2231470000.0,0.0,
2007-08-22,1,1285.7436909,2217780000.0,12150.0,
2007-08-23,1,1293.68038035,2231470000.0,4075.0,
2007-08-24,1,1285.7436909,2217780000.0,32400.0,
2007-08-27,1,1285.7436909,2217780000.0,40500.0,
2007-08-28,1,1277.80700145,2204090000.0,40250.0,
2007-08-29,1,1285.7436909,2217780000.0,1620.0,
2007-08-30,1,1269.870312,2190400000.0,40000.0,
2007-09-03,1,1269.870312,2190400000.0,1600.0,
2007-09-04,1,1246.0602436499998,2149330000.0,64370.0,
2007-09-05,1,1269.870312,2190400000.0,35200.0,
2007-09-06,1,1269.870312,2190400000.0,48000.0,
2007-09-10,1,1246.0602436499998,2149330000.0,15700.0,
2007-09-11,1,1269.076643055,2189031000.0,15990.0,
2007-09-14,1,1253.9969331,2163020000.0,11850.0,
2007-09-19,1,1269.870312,2190400000.0,1600.0,
2007-09-20,1,1269.870312,2190400000.0,1600.0,
2007-09-24,1,1253.9969331,2163020000.0,790.0,
2007-09-26,1,1246.0602436499998,2149330000.0,8635.0,
2007-09-27,1,1253.9969331,2163020000.0,3950.0,
2007-09-28,1,1269.870312,2190400000.0,2400.0,
2007-10-01,1,1269.870312,2190400000.0,800.0,
2007-10-05,1,1257.17160888,2168496000.0,35640.0,
2007-10-08,1,1247.64758154,2152068000.0,3930.0,
2007-10-09,1,1269.870312,2190400000.0,1600.0,
2007-10-11,1,1253.9969331,2163020000.0,7900.0,
2007-10-12,1,1261.9336225499999,2176710000.0,0.0,
2007-10-23,1,1269.870312,2190400000.0,10400.0,
2007-10-24,1,1261.9336225499999,2176710000.0,1590.0,
2007-10-25,1,1253.9969331,2163020000.0,6320.0,
2007-10-26,1,1253.9969331,2163020000.0,1580.0,
2007-10-29,1,1269.870312,2190400000.0,6400.0,
2007-10-31,1,1253.9969331,2163020000.0,43450.0,
2007-11-01,1,1269.870312,2190400000.0,0.0,
2007-11-08,1,1269.870312,2190400000.0,4000.0,
2007-11-09,1,1269.870312,2190400000.0,37600.0,
2007-11-13,1,1253.9969331,2163020000.0,39500.0,
2007-11-14,1,1269.870312,2190400000.0,3200.0,
2007-11-19,1,1253.9969331,2163020000.0,21330.0,
2007-11-20,1,1238.1235542,2135640000.0,36660.0,
2007-11-21,1,1261.9336225499999,2176710000.0,11130.0,
2007-11-26,1,1261.9336225499999,2176710000.0,18285.0,
2007-11-27,1,1261.9336225499999,2176710000.0,3180.0,
2007-12-03,1,1269.870312,2190400000.0,1600.0,
2007-12-04,1,1269.870312,2190400000.0,7200.0,
2007-12-06,1,1269.870312,2190400000.0,1600.0,
2007-12-10,1,1269.870312,2190400000.0,1600.0,
2007-12-11,1,1269.870312,2190400000.0,1600.0,
2007-12-12,1,1253.9969331,2163020000.0,3160.0,
2007-12-17,1,1269.870312,2190400000.0,800.0,
2007-12-19,1,1253.9969331,2163020000.0,7900.0,
2007-12-27,1,1253.9969331,2163020000.0,8690.0,
2007-12-28,1,1246.0602436499998,2149330000.0,31400.0,
2008-01-03,1,1269.870312,2190400000.0,5600.0,
2008-01-09,1,1269.870312,2190400000.0,800.0,
2008-01-11,1,1269.870312,2190400000.0,8000.0,
2008-01-14,1,1246.0602436499998,2149330000.0,785.0,
2008-01-15,1,1268.28297411,2187662000.0,5593.0,
2008-01-16,1,1268.28297411,2187662000.0,799.0,
2008-01-17,1,1261.9336225499999,2176710000.0,0.0,
2008-01-21,1,1261.9336225499999,2176710000.0,3180.0,
2008-01-22,1,1238.1235542,2135640000.0,23400.0,
2008-01-23,1,1230.18686475,2121950000.0,6200.0,
2008-01-24,1,1246.0602436499998,2149330000.0,1570.0,
2008-01-25,1,1246.0602436499998,2149330000.0,14915.0,
2008-01-28,1,1246.0602436499998,2149330000.0,3140.0,
2008-01-31,1,1253.9969331,2163020000.0,790.0,
2008-02-01,1,1253.9969331,2163020000.0,9480.0,
2008-02-06,1,1246.0602436499998,2149330000.0,11775.0,
2008-02-08,1,1253.9969331,2163020000.0,7900.0,
2008-02-11,1,1253.9969331,2163020000.0,5530.0,
2008-02-13,1,1230.18686475,2121950000.0,1550.0,
2008-02-14,1,1253.9969331,2163020000.0,790.0,
2008-02-18,1,1253.9969331,2163020000.0,15010.0,
2008-02-20,1,1253.9969331,2163020000.0,44240.0,
2008-02-21,1,1253.9969331,2163020000.0,1580.0,
2008-02-22,1,1253.9969331,2163020000.0,15800.0,
2008-02-25,1,1268.28297411,2187662000.0,10387.0,
2008-02-26,1,1253.9969331,2163020000.0,12640.0,
2008-02-27,1,1268.28297411,2187662000.0,25568.0,
2008-02-29,1,1269.870312,2190400000.0,4000.0,
2008-03-03,1,1269.870312,2190400000.0,13600.0,
2008-03-04,1,1268.28297411,2187662000.0,0.0,
2008-03-06,1,1261.9336225499999,2176710000.0,3975.0,
2008-03-07,1,1261.9336225499999,2176710000.0,2385.0,
2008-03-10,1,1261.9336225499999,2176710000.0,4770.0,
2008-03-11,1,1268.28297411,2187662000.0,1598.0,
2008-03-12,1,1268.28297411,2187662000.0,3995.0,
2008-03-14,1,1257.17160888,2168496000.0,7128.0,
2008-03-17,1,1266.6956362199999,2184924000.0,3990.0,
2008-03-18,1,1261.9336225499999,2176710000.0,13515.0,
2008-03-19,1,1269.870312,2190400000.0,24800.0,
2008-03-25,1,1269.870312,2190400000.0,800.0,
2008-03-27,1,1269.870312,2190400000.0,5600.0,
2008-03-31,1,1277.80700145,2204090000.0,4025.0,
2008-04-01,1,1269.870312,2190400000.0,20000.0,
2008-04-02,1,1285.7436909,2217780000.0,9720.0,
2008-04-10,1,1269.870312,2190400000.0,800.0,
2008-04-15,1,1293.68038035,2231470000.0,8965.0,
2008-04-16,1,1293.68038035,2231470000.0,24450.0,
2008-04-17,1,1293.68038035,2231470000.0,3260.0,
2008-04-18,1,1269.870312,2190400000.0,1600.0,
2008-04-21,1,1293.68038035,2231470000.0,8150.0,
2008-04-23,1,1293.6803790000001,2163020000.0,26860.0,
2008-04-24,1,1301.8682295,2176710000.0,21465.0,
2008-04-25,1,1301.8682295,2176710000.0,6360.0,
2008-04-28,1,1301.8682295,2176710000.0,7155.0,
2008-04-29,1,1301.8682295,2176710000.0,15900.0,
2008-05-02,1,1277.304678,2135640000.0,6240.0,
2008-05-05,1,1301.8682295,2176710000.0,1590.0,
2008-05-07,1,1301.8682295,2176710000.0,5565.0,
2008-05-08,1,1310.05608,2190400000.0,9600.0,
2008-05-14,1,1310.05608,2190400000.0,1600.0,
2008-05-15,1,1310.05608,2190400000.0,1600.0,
2008-05-16,1,1310.05608,2190400000.0,1600.0,
2008-05-21,1,1318.2439305,2204090000.0,24150.0,
2008-05-22,1,1301.8682295,2176710000.0,795.0,
2008-05-23,1,1326.431781,2217780000.0,17010.0,
2008-05-26,1,1326.431781,2217780000.0,810.0,
2008-05-27,1,1301.8682295,2176710000.0,3975.0,
2008-06-02,1,1301.8682295,2176710000.0,9540.0,
2008-06-03,1,1301.8682295,2176710000.0,3975.0,
2008-06-05,1,1326.431781,2217780000.0,3240.0,
2008-06-17,1,1285.4925285,2149330000.0,147580.0,
2008-06-20,1,1301.8682295,2176710000.0,0.0,
2008-06-24,1,1285.4925285,2149330000.0,16485.0,
2008-06-25,1,1285.4925285,2149330000.0,22765.0,
2008-07-03,1,1310.05608,2190400000.0,1600.0,
2008-07-04,1,1310.05608,2190400000.0,8000.0,
2008-07-08,1,1310.05608,2190400000.0,3200.0,
2008-07-11,1,1301.8682295,2176710000.0,0.0,
2008-07-16,1,1277.304678,2135640000.0,21060.0,
2008-07-17,1,1277.304678,2135640000.0,21060.0,
2008-07-18,1,1278.9422481,2138378000.0,21087.0,
2008-07-21,1,1301.8682295,2176710000.0,7950.0,
2008-07-22,1,1301.8682295,2176710000.0,7950.0,
2008-07-23,1,1285.4925285,2149330000.0,0.0,
2008-07-31,1,1301.8682295,2176710000.0,1590.0,
2008-08-13,1,1301.8682295,2176710000.0,7950.0,
2008-08-21,1,1301.8682295,2176710000.0,3975.0,
2008-08-22,1,1277.304678,2135640000.0,15600.0,
2008-08-25,1,1285.4925285,2149330000.0,0.0,
2008-08-26,1,1301.8682295,2176710000.0,8745.0,
2008-09-01,1,1282.2173883,2143854000.0,1566.0,
2008-09-02,1,1277.304678,2135640000.0,15600.0,
2008-09-03,1,1277.304678,2135640000.0,11700.0,
2008-09-11,1,1301.8682295,2176710000.0,3975.0,
2008-09-16,1,1293.6803790000001,2163020000.0,790.0,
2008-09-17,1,1301.8682295,2176710000.0,12720.0,
2008-09-18,1,1277.304678,2135640000.0,31200.0,
2008-09-22,1,1301.8682295,2176710000.0,14310.0,
2008-09-24,1,1277.304678,2135640000.0,15600.0,
2008-09-26,1,1280.5798182,2141116000.0,0.0,
2008-09-29,1,1252.7411265,2094570000.0,83385.0,
2008-09-30,1,1260.928977,2108260000.0,0.0,
2008-10-06,1,1252.7411265,2094570000.0,15300.0,
2008-10-08,1,1269.1168275,2121950000.0,54250.0,
2008-10-10,1,1260.928977,2108260000.0,0.0,
2008-10-13,1,1260.928977,2108260000.0,5390.0,
2008-10-15,1,1260.928977,2108260000.0,1540.0,
2008-10-16,1,1252.7411265,2094570000.0,765.0,
2008-10-20,1,1252.7411265,2094570000.0,765.0,
2008-10-23,1,1236.3654255000001,2067190000.0,18875.0,
2008-10-27,1,1228.177575,2053500000.0,22500.0,
2008-10-29,1,1236.3654255000001,2067190000.0,0.0,
2008-10-30,1,1236.3654255000001,2067190000.0,7550.0,
2008-10-31,1,1260.928977,2108260000.0,41580.0,
2008-11-03,1,1260.928977,2108260000.0,3850.0,
2008-11-06,1,1236.3654255000001,2067190000.0,755.0,
2008-11-07,1,1236.3654255000001,2067190000.0,755.0,
2008-11-12,1,1236.3654255000001,2067190000.0,12835.0,
2008-11-13,1,1244.553276,2080880000.0,7600.0,
2008-11-14,1,1244.553276,2080880000.0,1520.0,
2008-11-17,1,1236.3654255000001,2067190000.0,9815.0,
2008-11-19,1,1236.3654255000001,2067190000.0,1510.0,
2008-11-24,1,1236.3654255000001,2067190000.0,37750.0,
2008-11-26,1,1244.553276,2080880000.0,760.0,
2008-11-27,1,1228.177575,2053500000.0,7500.0,
2008-11-28,1,1252.7411265,2094570000.0,2295.0,
2008-12-01,1,1252.7411265,2094570000.0,3825.0,
2008-12-02,1,1228.177575,2053500000.0,10500.0,
2008-12-04,1,1228.177575,2053500000.0,7500.0,
2008-12-05,1,1252.7411265,2094570000.0,2295.0,
2008-12-09,1,1252.7411265,2094570000.0,1530.0,
2008-12-12,1,1228.177575,2053500000.0,4500.0,
2008-12-15,1,1229.8151451,2056238000.0,0.0,
2008-12-16,1,1252.7411265,2094570000.0,7650.0,
2008-12-17,1,1252.7411265,2094570000.0,1530.0,
2008-12-18,1,1228.177575,2053500000.0,11250.0,
2008-12-19,1,1228.177575,2053500000.0,750.0,
2008-12-22,1,1252.7411265,2094570000.0,22950.0,
2008-12-29,1,1252.7411265,2094570000.0,13770.0,
2008-12-30,1,1244.553276,2080880000.0,0.0,
2009-01-05,1,1244.553276,2080880000.0,7600.0,
2009-01-06,1,1252.7411265,2094570000.0,7650.0,
2009-01-07,1,1252.7411265,2094570000.0,765.0,
2009-01-08,1,1252.7411265,2094570000.0,6120.0,
2009-01-14,1,1244.553276,2080880000.0,3800.0,
2009-01-16,1,1252.7411265,2094570000.0,5355.0,
2009-01-19,1,1228.177575,2053500000.0,16500.0,
2009-01-20,1,1228.177575,2053500000.0,11250.0,
2009-01-21,1,1252.7411265,2094570000.0,2295.0,
2009-01-26,1,1228.177575,2053500000.0,15000.0,
2009-01-29,1,1228.177575,2053500000.0,15000.0,
2009-01-30,1,1219.9897245,2039810000.0,4470.0,
2009-02-02,1,1228.177575,2053500000.0,0.0,
2009-02-04,1,1244.553276,2080880000.0,7600.0,
2009-02-05,1,1244.553276,2080880000.0,3800.0,
2009-02-06,1,1244.553276,2080880000.0,1520.0,
2009-02-09,1,1244.553276,2080880000.0,6840.0,
2009-02-10,1,1252.7411265,2094570000.0,2295.0,
2009-02-12,1,1252.7411265,2094570000.0,1530.0,
2009-02-13,1,1252.7411265,2094570000.0,8415.0,
2009-02-16,1,1260.928977,2108260000.0,3850.0,
2009-02-17,1,1244.553276,2080880000.0,0.0,
2009-02-20,1,1244.553276,2080880000.0,3040.0,
2009-02-23,1,1219.9897245,2039810000.0,5960.0,
2009-02-25,1,1219.9897245,2039810000.0,9685.0,
2009-02-26,1,1236.3654255000001,2067190000.0,6040.0,
2009-02-27,1,1236.3654255000001,2067190000.0,3020.0,
2009-03-02,1,1252.7411265,2094570000.0,18360.0,
2009-03-03,1,1251.1035564000001,2091832000.0,6876.0,
2009-03-05,1,1251.1035564000001,2091832000.0,2292.0,
2009-03-06,1,1252.7411265,2094570000.0,16065.0,
2009-03-09,1,1228.177575,2053500000.0,21750.0,
2009-03-10,1,1252.7411265,2094570000.0,1530.0,
2009-03-17,1,1252.7411265,2094570000.0,1530.0,
2009-03-18,1,1252.7411265,2094570000.0,765.0,
2009-03-19,1,1252.7411265,2094570000.0,7650.0,
2009-03-23,1,1252.7411265,2094570000.0,1530.0,
2009-03-24,1,1252.7411265,2094570000.0,10710.0,
2009-03-25,1,1269.1168275,2121950000.0,775.0,
2009-03-26,1,1260.928977,2108260000.0,0.0,
2009-03-27,1,1236.3654255000001,2067190000.0,755.0,
2009-04-01,1,1260.928977,2108260000.0,38500.0,
2009-04-03,1,1269.1168275,2121950000.0,1550.0,
2009-04-06,1,1269.1168275,2121950000.0,3100.0,
2009-04-07,1,1260.928977,2108260000.0,19250.0,
2009-04-08,1,1244.553276,2080880000.0,27360.0,
2009-04-09,1,1269.1168275,2121950000.0,1550.0,
2009-04-14,1,1269.1168275,2121950000.0,1550.0,
2009-04-16,1,1269.1168275,2121950000.0,2325.0,
2009-04-17,1,1269.1168275,2121950000.0,15500.0,
2009-04-20,1,1244.553276,2080880000.0,1520.0,
2009-04-21,1,1269.1168275,2121950000.0,21700.0,
2009-04-22,1,1269.1168275,2053500000.0,39000.0,
2009-04-24,1,1277.57760635,2067190000.0,4530.0,
2009-04-27,1,1277.57760635,2067190000.0,3020.0,
2009-04-29,1,1277.57760635,2067190000.0,18875.0,
2009-05-04,1,1302.9599429,2108260000.0,9240.0,
2009-05-05,1,1302.9599429,2108260000.0,0.0,
2009-05-06,1,1302.9599429,2108260000.0,1540.0,
2009-05-07,1,1302.9599429,2108260000.0,0.0,
2009-05-08,1,1302.9599429,2108260000.0,18480.0,
2009-05-11,1,1277.57760635,2067190000.0,755.0,
2009-05-12,1,1277.57760635,2067190000.0,0.0,
2009-05-13,1,1277.57760635,2067190000.0,8305.0,
2009-05-14,1,1277.57760635,2067190000.0,755.0,
2009-05-15,1,1302.9599429,2108260000.0,13090.0,
2009-05-18,1,1302.9599429,2108260000.0,0.0,
2009-05-19,1,1302.9599429,2108260000.0,0.0,
2009-05-20,1,1311.42072175,2121950000.0,775.0,
2009-05-21,1,1311.42072175,2121950000.0,0.0,
2009-05-22,1,1311.42072175,2121950000.0,0.0,
2009-05-25,1,1286.0383852,2080880000.0,8360.0,
2009-05-26,1,1286.0383852,2080880000.0,0.0,
2009-05-27,1,1286.0383852,2080880000.0,0.0,
2009-05-28,1,1311.42072175,2121950000.0,11625.0,
2009-05-29,1,1311.42072175,2121950000.0,0.0,
2009-06-01,1,1311.42072175,2121950000.0,0.0,
2009-06-02,1,1286.0383852,2080880000.0,760.0,
2009-06-03,1,1311.42072175,2121950000.0,7750.0,
2009-06-04,1,1311.42072175,2121950000.0,775.0,
2009-06-05,1,1311.42072175,2121950000.0,0.0,
2009-06-08,1,1311.42072175,2121950000.0,0.0,
2009-06-09,1,1311.42072175,2121950000.0,0.0,
2009-06-10,1,1311.42072175,2121950000.0,6975.0,
2009-06-11,1,1294.49916405,2094570000.0,0.0,
2009-06-12,1,1286.0383852,2080880000.0,15200.0,
2009-06-15,1,1291.11485251,2089094000.0,0.0,
2009-06-16,1,1291.11485251,2089094000.0,0.0,
2009-06-17,1,1286.0383852,2080880000.0,15200.0,
2009-06-18,1,1286.0383852,2080880000.0,760.0,
2009-06-19,1,1286.0383852,2080880000.0,0.0,
2009-06-22,1,1286.0383852,2080880000.0,0.0,
2009-06-23,1,1286.0383852,2080880000.0,0.0,
2009-06-24,1,1286.0383852,2080880000.0,1520.0,
2009-06-25,1,1286.0383852,2080880000.0,0.0,
2009-06-26,1,1286.0383852,2080880000.0,22800.0,
2009-06-29,1,1286.0383852,2080880000.0,0.0,
2009-06-30,1,1294.49916405,2094570000.0,765.0,
2009-07-01,1,1286.0383852,2080880000.0,7600.0,
2009-07-02,1,1286.0383852,2080880000.0,0.0,
2009-07-03,1,1286.0383852,2080880000.0,0.0,
2009-07-06,1,1286.0383852,2080880000.0,7600.0,
2009-07-07,1,1286.0383852,2080880000.0,0.0,
2009-07-08,1,1311.42072175,2121950000.0,775.0,
2009-07-09,1,1286.0383852,2080880000.0,7600.0,
2009-07-10,1,1286.0383852,2080880000.0,0.0,
2009-07-13,1,1311.42072175,2121950000.0,9300.0,
2009-07-14,1,1319.8815006,2135640000.0,41340.0,
2009-07-15,1,1328.34227945,2149330000.0,3140.0,
2009-07-16,1,1311.42072175,2121950000.0,3875.0,
2009-07-17,1,1311.42072175,2121950000.0,0.0,
2009-07-20,1,1286.0383852,2080880000.0,1520.0,
2009-07-21,1,1294.49916405,2094570000.0,0.0,
2009-07-22,1,1302.9599429,2108260000.0,15400.0,
2009-07-23,1,1302.9599429,2108260000.0,0.0,
2009-07-24,1,1302.9599429,2108260000.0,0.0,
2009-07-27,1,1302.9599429,2108260000.0,0.0,
2009-07-28,1,1302.9599429,2108260000.0,0.0,
2009-07-29,1,1294.49916405,2094570000.0,765.0,
2009-07-30,1,1294.49916405,2094570000.0,11475.0,
2009-07-31,1,1294.49916405,2094570000.0,765.0,
2009-08-03,1,1294.49916405,2094570000.0,6885.0,
2009-08-04,1,1297.88347559,2100046000.0,0.0,
2009-08-05,1,1297.88347559,2100046000.0,3068.0,
2009-08-06,1,1294.49916405,2094570000.0,46665.0,
2009-08-07,1,1294.49916405,2094570000.0,0.0,
2009-08-10,1,1294.49916405,2094570000.0,14535.0,
2009-08-11,1,1294.49916405,2094570000.0,765.0,
2009-08-12,1,1286.0383852,2080880000.0,1520.0,
2009-08-13,1,1294.49916405,2094570000.0,16830.0,
2009-08-14,1,1294.49916405,2094570000.0,15300.0,
2009-08-17,1,1294.49916405,2094570000.0,2295.0,
2009-08-18,1,1294.49916405,2094570000.0,0.0,
2009-08-19,1,1294.49916405,2094570000.0,0.0,
2009-08-20,1,1294.49916405,2094570000.0,0.0,
2009-08-21,1,1286.0383852,2080880000.0,31920.0,
2009-08-24,1,1286.0383852,2080880000.0,3040.0,
2009-08-25,1,1286.0383852,2080880000.0,0.0,
2009-08-26,1,1286.0383852,2080880000.0,3040.0,
2009-08-27,1,1294.49916405,2094570000.0,3060.0,
2009-08-28,1,1294.49916405,2094570000.0,0.0,
2009-08-31,1,1294.49916405,2094570000.0,0.0,
2009-09-01,1,1294.49916405,2094570000.0,0.0,
2009-09-02,1,1311.42072175,2121950000.0,10075.0,
2009-09-03,1,1311.42072175,2121950000.0,0.0,
2009-09-04,1,1294.49916405,2094570000.0,22950.0,
2009-09-07,1,1294.49916405,2094570000.0,0.0,
2009-09-08,1,1294.49916405,2094570000.0,765.0,
2009-09-09,1,1294.49916405,2094570000.0,0.0,
2009-09-10,1,1294.49916405,2094570000.0,0.0,
2009-09-11,1,1294.49916405,2094570000.0,22950.0,
2009-09-14,1,1294.49916405,2094570000.0,13770.0,
2009-09-15,1,1294.49916405,2094570000.0,1530.0,
2009-09-16,1,1311.42072175,2121950000.0,6200.0,
2009-09-17,1,1294.49916405,2094570000.0,48195.0,
2009-09-18,1,1294.49916405,2094570000.0,0.0,
2009-09-21,1,1294.49916405,2094570000.0,3825.0,
2009-09-22,1,1319.8815006,2135640000.0,7800.0,
2009-09-23,1,1319.8815006,2135640000.0,9360.0,
2009-09-24,1,1319.8815006,2135640000.0,0.0,
2009-09-25,1,1319.8815006,2135640000.0,0.0,
2009-09-28,1,1319.8815006,2135640000.0,1560.0,
2009-09-29,1,1319.8815006,2135640000.0,0.0,
2009-09-30,1,1294.49916405,2094570000.0,2295.0,
2009-10-01,1,1294.49916405,2094570000.0,0.0,
2009-10-02,1,1294.49916405,2094570000.0,1530.0,
2009-10-05,1,1294.49916405,2094570000.0,11475.0,
2009-10-06,1,1294.49916405,2094570000.0,0.0,
2009-10-07,1,1319.8815006,2135640000.0,4680.0,
2009-10-08,1,1319.8815006,2135640000.0,3120.0,
2009-10-09,1,1319.8815006,2135640000.0,0.0,
2009-10-12,1,1319.8815006,2135640000.0,0.0,
2009-10-13,1,1319.8815006,2135640000.0,0.0,
2009-10-14,1,1319.8815006,2135640000.0,16380.0,
2009-10-15,1,1294.49916405,2094570000.0,2295.0,
2009-10-16,1,1294.49916405,2094570000.0,6885.0,
2009-10-19,1,1294.49916405,2094570000.0,65790.0,
2009-10-20,1,1294.49916405,2094570000.0,16065.0,
2009-10-21,1,1286.0383852,2080880000.0,17480.0,
2009-10-22,1,1286.0383852,2080880000.0,28120.0,
2009-10-23,1,1286.0383852,2080880000.0,21280.0,
2009-10-26,1,1286.0383852,2080880000.0,11400.0,
2009-10-27,1,1286.0383852,2080880000.0,15200.0,
2009-10-28,1,1286.0383852,2080880000.0,0.0,
2009-10-29,1,1286.0383852,2080880000.0,0.0,
2009-10-30,1,1286.0383852,2080880000.0,22800.0,
2009-11-02,1,1286.0383852,2080880000.0,0.0,
2009-11-03,1,1286.0383852,2080880000.0,0.0,
2009-11-04,1,1286.0383852,2080880000.0,0.0,
2009-11-05,1,1286.0383852,2080880000.0,0.0,
2009-11-06,1,1286.0383852,2080880000.0,1520.0,
2009-11-09,1,1286.0383852,2080880000.0,21280.0,
2009-11-10,1,1302.9599429,2108260000.0,13090.0,
2009-11-11,1,1286.0383852,2080880000.0,3040.0,
2009-11-12,1,1286.0383852,2080880000.0,1520.0,
2009-11-13,1,1277.57760635,2067190000.0,14345.0,
2009-11-16,1,1277.57760635,2067190000.0,24915.0,
2009-11-17,1,1269.1168275,2053500000.0,3750.0,
2009-11-18,1,1269.1168275,2053500000.0,0.0,
2009-11-19,1,1286.0383852,2080880000.0,1520.0,
2009-11-20,1,1286.0383852,2080880000.0,1520.0,
2009-11-23,1,1286.0383852,2080880000.0,1520.0,
2009-11-24,1,1286.0383852,2080880000.0,3800.0,
2009-11-25,1,1286.0383852,2080880000.0,0.0,
2009-11-26,1,1286.0383852,2080880000.0,0.0,
2009-11-27,1,1286.0383852,2080880000.0,0.0,
2009-11-30,1,1286.0383852,2080880000.0,0.0,
2009-12-01,1,1286.0383852,2080880000.0,0.0,
2009-12-02,1,1286.0383852,2080880000.0,0.0,
2009-12-03,1,1286.0383852,2080880000.0,0.0,
2009-12-04,1,1294.49916405,2094570000.0,32130.0,
2009-12-07,1,1294.49916405,2094570000.0,0.0,
2009-12-08,1,1294.49916405,2094570000.0,0.0,
2009-12-09,1,1269.1168275,2053500000.0,18750.0,
2009-12-10,1,1269.1168275,2053500000.0,3750.0,
2009-12-11,1,1269.1168275,2053500000.0,0.0,
2009-12-14,1,1294.49916405,2094570000.0,1530.0,
2009-12-15,1,1294.49916405,2094570000.0,3060.0,
2009-12-16,1,1294.49916405,2094570000.0,2295.0,
2009-12-17,1,1286.0383852,2080880000.0,3040.0,
2009-12-18,1,1269.1168275,2053500000.0,6000.0,
2009-12-21,1,1286.0383852,2080880000.0,4560.0,
2009-12-22,1,1286.0383852,2080880000.0,1520.0,
2009-12-23,1,1269.1168275,2053500000.0,12000.0,
2009-12-24,1,1269.1168275,2053500000.0,0.0,
2009-12-25,1,1269.1168275,2053500000.0,0.0,
2009-12-28,1,1269.1168275,2053500000.0,7500.0,
2009-12-29,1,1277.57760635,2067190000.0,0.0,
2009-12-30,1,1277.57760635,2067190000.0,3020.0,
2009-12-31,1,1277.57760635,2067190000.0,0.0,40
2010-01-04,1,1302.9599429,2108260000.0,1540.0,
2010-01-05,1,1302.9599429,2108260000.0,1540.0,
2010-01-06,1,1302.9599429,2108260000.0,0.0,
2010-01-07,1,1302.9599429,2108260000.0,1540.0,
2010-01-08,1,1302.9599429,2108260000.0,0.0,
2010-01-11,1,1302.9599429,2108260000.0,11550.0,
2010-01-12,1,1302.9599429,2108260000.0,1540.0,
2010-01-13,1,1302.9599429,2108260000.0,7700.0,
2010-01-14,1,1302.9599429,2108260000.0,770.0,
2010-01-15,1,1277.57760635,2067190000.0,7550.0,
2010-01-18,1,1277.57760635,2067190000.0,0.0,
2010-01-19,1,1277.57760635,2067190000.0,34730.0,
2010-01-20,1,1302.9599429,2108260000.0,3850.0,
2010-01-21,1,1302.9599429,2108260000.0,770.0,
2010-01-22,1,1302.9599429,2108260000.0,0.0,
2010-01-25,1,1302.9599429,2108260000.0,5390.0,
2010-01-26,1,1311.42072175,2121950000.0,7750.0,
2010-01-27,1,1311.42072175,2121950000.0,17050.0,
2010-01-28,1,1319.8815006,2135640000.0,9360.0,
2010-01-29,1,1319.8815006,2135640000.0,0.0,
2010-02-01,1,1294.49916405,2094570000.0,39015.0,
2010-02-02,1,1302.9599429,2108260000.0,7700.0,
2010-02-03,1,1302.9599429,2108260000.0,13860.0,
2010-02-04,1,1302.9599429,2108260000.0,0.0,
2010-02-05,1,1309.72856598,2119212000.0,774.0,
2010-02-08,1,1309.72856598,2119212000.0,2322.0,
2010-02-09,1,1309.72856598,2119212000.0,0.0,
2010-02-10,1,1311.42072175,2121950000.0,3875.0,
2010-02-11,1,1319.8815006,2135640000.0,7020.0,
2010-02-12,1,1319.8815006,2135640000.0,780.0,
2010-02-15,1,1319.8815006,2135640000.0,780.0,
2010-02-16,1,1319.8815006,2135640000.0,0.0,
2010-02-17,1,1319.8815006,2135640000.0,0.0,
2010-02-18,1,1319.8815006,2135640000.0,0.0,
2010-02-19,1,1319.8815006,2135640000.0,0.0,
2010-02-22,1,1319.8815006,2135640000.0,1560.0,
2010-02-23,1,1319.8815006,2135640000.0,0.0,
2010-02-24,1,1319.8815006,2135640000.0,15600.0,
2010-02-25,1,1319.8815006,2135640000.0,0.0,
2010-02-26,1,1319.8815006,2135640000.0,7800.0,
2010-03-01,1,1319.8815006,2135640000.0,780.0,
2010-03-02,1,1302.9599429,2108260000.0,25410.0,
2010-03-03,1,1328.34227945,2149330000.0,14130.0,
2010-03-04,1,1328.34227945,2149330000.0,3140.0,
2010-03-05,1,1328.34227945,2149330000.0,0.0,
2010-03-08,1,1328.34227945,2149330000.0,6280.0,
2010-03-09,1,1328.34227945,2149330000.0,4710.0,
2010-03-10,1,1336.8030583,2163020000.0,790.0,
2010-03-11,1,1336.8030583,2163020000.0,9480.0,
2010-03-12,1,1336.8030583,2163020000.0,23700.0,
2010-03-15,1,1336.8030583,2163020000.0,1580.0,
2010-03-16,1,1336.8030583,2163020000.0,0.0,
2010-03-17,1,1336.8030583,2163020000.0,8690.0,
2010-03-18,1,1370.6461737,2217780000.0,5670.0,
2010-03-19,1,1345.26383715,2176710000.0,4770.0,
2010-03-22,1,1370.6461737,2217780000.0,21060.0,
2010-03-23,1,1370.6461737,2217780000.0,1620.0,
2010-03-24,1,1345.26383715,2176710000.0,795.0,
2010-03-25,1,1362.18539485,2204090000.0,6440.0,
2010-03-26,1,1362.18539485,2204090000.0,0.0,
2010-03-29,1,1353.724616,2190400000.0,26400.0,
2010-03-30,1,1353.724616,2190400000.0,800.0,
2010-03-31,1,1345.26383715,2176710000.0,14310.0,
2010-04-01,1,1319.8815006,2135640000.0,1560.0,
2010-04-02,1,1319.8815006,2135640000.0,0.0,
2010-04-05,1,1319.8815006,2135640000.0,0.0,
2010-04-06,1,1345.26383715,2176710000.0,7950.0,
2010-04-07,1,1311.42072175,2121950000.0,7750.0,
2010-04-08,1,1345.26383715,2176710000.0,1590.0,
2010-04-09,1,1345.26383715,2176710000.0,2385.0,
2010-04-12,1,1345.26383715,2176710000.0,0.0,
2010-04-13,1,1353.724616,2190400000.0,4800.0,
2010-04-14,1,1353.724616,2190400000.0,5600.0,
2010-04-15,1,1353.724616,2190400000.0,0.0,
2010-04-16,1,1353.724616,2190400000.0,0.0,
2010-04-19,1,1362.18539485,2204090000.0,16100.0,
2010-04-20,1,1379.1069553500001,2176710000.0,4770.0,
2010-04-21,1,1353.0860694,2135640000.0,15600.0,
2010-04-22,1,1353.0860694,2135640000.0,0.0,
2010-04-23,1,1361.75969805,2149330000.0,11775.0,
2010-04-26,1,1361.75969805,2149330000.0,0.0,
2010-04-27,1,1361.75969805,2149330000.0,1570.0,
2010-04-28,1,1361.75969805,2149330000.0,0.0,
2010-04-29,1,1370.4333267,2163020000.0,11850.0,
2010-04-30,1,1344.41244075,2121950000.0,2325.0,
2010-05-03,1,1344.41244075,2121950000.0,0.0,
2010-05-04,1,1344.41244075,2121950000.0,10075.0,
2010-05-05,1,1353.0860694,2135640000.0,0.0,
2010-05-06,1,1353.0860694,2135640000.0,0.0,
2010-05-07,1,1368.6986009700001,2160282000.0,15780.0,
2010-05-10,1,1368.6986009700001,2160282000.0,0.0,
2010-05-11,1,1361.75969805,2149330000.0,1570.0,
2010-05-12,1,1353.0860694,2135640000.0,2340.0,
2010-05-13,1,1353.0860694,2135640000.0,0.0,
2010-05-14,1,1353.0860694,2135640000.0,9360.0,
2010-05-17,1,1379.1069553500001,2176710000.0,1590.0,
2010-05-18,1,1370.4333267,2163020000.0,2370.0,
2010-05-19,1,1370.4333267,2163020000.0,0.0,
2010-05-20,1,1370.4333267,2163020000.0,0.0,
2010-05-21,1,1370.4333267,2163020000.0,0.0,
2010-05-24,1,1370.4333267,2163020000.0,0.0,
2010-05-25,1,1370.4333267,2163020000.0,0.0,
2010-05-26,1,1335.7388121000001,2108260000.0,1540.0,
2010-05-27,1,1327.06518345,2094570000.0,47430.0,
2010-05-28,1,1361.75969805,2149330000.0,785.0,
2010-05-31,1,1327.06518345,2094570000.0,765.0,
2010-06-01,1,1327.06518345,2094570000.0,0.0,
2010-06-02,1,1318.3915548,2080880000.0,760.0,
2010-06-03,1,1361.75969805,2149330000.0,5495.0,
2010-06-04,1,1318.3915548,2080880000.0,11400.0,
2010-06-07,1,1318.3915548,2080880000.0,0.0,
2010-06-08,1,1318.3915548,2080880000.0,0.0,
2010-06-09,1,1318.3915548,2080880000.0,1520.0,
2010-06-10,1,1318.3915548,2080880000.0,0.0,
2010-06-11,1,1318.3915548,2080880000.0,0.0,
2010-06-14,1,1361.75969805,2149330000.0,4710.0,
2010-06-15,1,1361.75969805,2149330000.0,0.0,
2010-06-16,1,1361.75969805,2149330000.0,0.0,
2010-06-17,1,1361.75969805,2149330000.0,0.0,
2010-06-18,1,1361.75969805,2149330000.0,0.0,
2010-06-21,1,1361.75969805,2149330000.0,0.0,
2010-06-22,1,1335.7388121000001,2108260000.0,1540.0,
2010-06-23,1,1335.7388121000001,2108260000.0,0.0,
2010-06-24,1,1335.7388121000001,2108260000.0,0.0,
2010-06-25,1,1335.7388121000001,2108260000.0,0.0,
2010-06-28,1,1335.7388121000001,2108260000.0,0.0,
2010-06-29,1,1335.7388121000001,2108260000.0,0.0,
2010-06-30,1,1335.7388121000001,2108260000.0,0.0,
2010-07-01,1,1335.7388121000001,2108260000.0,0.0,
2010-07-02,1,1318.3915548,2080880000.0,2280.0,
2010-07-05,1,1379.1069553500001,2176710000.0,29415.0,
2010-07-06,1,1379.1069553500001,2176710000.0,0.0,
2010-07-07,1,1379.1069553500001,2176710000.0,0.0,
2010-07-08,1,1361.75969805,2149330000.0,785.0,
2010-07-09,1,1361.75969805,2149330000.0,0.0,
2010-07-12,1,1361.75969805,2149330000.0,0.0,
2010-07-13,1,1361.75969805,2149330000.0,0.0,
2010-07-14,1,1361.75969805,2149330000.0,0.0,
2010-07-15,1,1394.71948692,2201352000.0,1608.0,
2010-07-16,1,1361.75969805,2149330000.0,7065.0,
2010-07-19,1,1361.75969805,2149330000.0,2355.0,
2010-07-20,1,1361.75969805,2149330000.0,0.0,
2010-07-21,1,1361.75969805,2149330000.0,0.0,
2010-07-22,1,1361.75969805,2149330000.0,1570.0,
2010-07-23,1,1405.1278413,2217780000.0,16200.0,
2010-07-26,1,1405.1278413,2217780000.0,6480.0,
2010-07-27,1,1405.1278413,2217780000.0,1620.0,
2010-07-28,1,1405.1278413,2217780000.0,8100.0,
2010-07-29,1,1370.4333267,2163020000.0,3160.0,
2010-07-30,1,1413.80146995,2231470000.0,24450.0,
2010-08-02,1,1413.80146995,2231470000.0,0.0,
2010-08-03,1,1413.80146995,2231470000.0,4890.0,
2010-08-04,1,1429.41400152,2256112000.0,16480.0,
2010-08-05,1,1422.4750986000001,2245160000.0,1640.0,
2010-08-06,1,1422.4750986000001,2245160000.0,0.0,
2010-08-09,1,1422.4750986000001,2245160000.0,0.0,
2010-08-10,1,1422.4750986000001,2245160000.0,0.0,
2010-08-11,1,1396.45421265,2204090000.0,9660.0,
2010-08-12,1,1389.5153097300001,2193138000.0,8010.0,
2010-08-13,1,1389.5153097300001,2193138000.0,0.0,
2010-08-16,1,1422.4750986000001,2245160000.0,9840.0,
2010-08-17,1,1422.4750986000001,2245160000.0,0.0,
2010-08-18,1,1422.4750986000001,2245160000.0,26240.0,
2010-08-19,1,1387.780584,2190400000.0,0.0,
2010-08-20,1,1370.4333267,2163020000.0,10270.0,
2010-08-23,1,1370.4333267,2163020000.0,0.0,
2010-08-24,1,1419.00564714,2239684000.0,12270.0,
2010-08-25,1,1363.49442378,2152068000.0,1572.0,
2010-08-26,1,1412.0667442200001,2228732000.0,1628.0,
2010-08-27,1,1412.0667442200001,2228732000.0,0.0,
2010-08-30,1,1412.0667442200001,2228732000.0,0.0,
2010-08-31,1,1412.0667442200001,2228732000.0,2442.0,
2010-09-01,1,1413.80146995,2231470000.0,17115.0,
2010-09-02,1,1413.80146995,2231470000.0,8965.0,
2010-09-03,1,1413.80146995,2231470000.0,13855.0,
2010-09-06,1,1386.04585827,2187662000.0,11186.0,
2010-09-07,1,1386.04585827,2187662000.0,0.0,
2010-09-08,1,1386.04585827,2187662000.0,0.0,
2010-09-09,1,1419.00564714,2239684000.0,11452.0,
2010-09-10,1,1386.04585827,2187662000.0,7990.0,
2010-09-13,1,1386.04585827,2187662000.0,0.0,
2010-09-14,1,1386.04585827,2187662000.0,0.0,
2010-09-15,1,1379.974318215,2178079000.0,795.5,
2010-09-16,1,1412.934107085,2230101000.0,4072.5,
2010-09-17,1,1412.0667442200001,2228732000.0,0.0,
2010-09-20,1,1422.4750986000001,2245160000.0,8200.0,
2010-09-21,1,1405.1278413,2217780000.0,0.0,
2010-09-22,1,1726.0521013500002,2724310000.0,99500.0,
2010-09-23,1,1725.184738485,2722941000.0,50719.5,
2010-09-24,1,1726.0521013500002,2724310000.0,41790.0,
2010-09-27,1,1726.0521013500002,2724310000.0,66665.0,
2010-09-28,1,1726.0521013500002,2724310000.0,30845.0,
2010-09-29,1,1726.0521013500002,2724310000.0,19900.0,
2010-09-30,1,1726.0521013500002,2724310000.0,44775.0,
2010-10-01,1,1726.0521013500002,2724310000.0,32835.0,
2010-10-04,1,1726.919464215,2725679000.0,24887.5,
2010-10-05,1,1726.0521013500002,2724310000.0,49750.0,
2010-10-06,1,1726.919464215,2725679000.0,1991.0,
2010-10-07,1,1726.919464215,2725679000.0,0.0,
2010-10-08,1,1726.919464215,2725679000.0,0.0,
2010-10-11,1,1726.919464215,2725679000.0,23892.0,
2010-10-12,1,1726.919464215,2725679000.0,9955.0,
2010-10-13,1,1726.919464215,2725679000.0,0.0,
2010-10-14,1,1734.72573,2738000000.0,5000.0,
2010-10-15,1,1726.919464215,2725679000.0,44797.5,
2010-10-18,1,1726.919464215,2725679000.0,0.0,
2010-10-19,1,1726.919464215,2725679000.0,0.0,
2010-10-20,1,1726.919464215,2725679000.0,995.5,
2010-10-21,1,1726.919464215,2725679000.0,0.0,
2010-10-22,1,1726.919464215,2725679000.0,0.0,
2010-10-25,1,1726.919464215,2725679000.0,995.5,
2010-10-26,1,1726.919464215,2725679000.0,995.5,
2010-10-27,1,1726.919464215,2725679000.0,0.0,
2010-10-28,1,1726.919464215,2725679000.0,0.0,
2010-10-29,1,1718.245835565,2711989000.0,9905.0,
2010-11-01,1,1722.58264989,2718834000.0,0.0,
2010-11-02,1,1722.58264989,2718834000.0,0.0,
2010-11-03,1,1722.58264989,2718834000.0,0.0,
2010-11-04,1,1722.58264989,2718834000.0,0.0,
2010-11-05,1,1722.58264989,2718834000.0,0.0,
2010-11-08,1,1723.450012755,2720203000.0,0.0,
2010-11-09,1,1723.450012755,2720203000.0,0.0,
2010-11-10,1,1723.450012755,2720203000.0,0.0,
2010-11-11,1,1723.450012755,2720203000.0,0.0,
2010-11-12,1,1723.450012755,2720203000.0,0.0,
2010-11-15,1,1723.450012755,2720203000.0,0.0,
2010-11-16,1,1723.450012755,2720203000.0,0.0,
2010-11-17,1,1723.450012755,2720203000.0,9935.0,
2010-11-18,1,1723.450012755,2720203000.0,0.0,
2010-11-19,1,1723.450012755,2720203000.0,0.0,
2010-11-22,1,1723.450012755,2720203000.0,0.0,
2010-11-23,1,1723.450012755,2720203000.0,0.0,
2010-11-24,1,1723.450012755,2720203000.0,0.0,
2010-11-25,1,1723.450012755,2720203000.0,0.0,
2010-11-26,1,1723.450012755,2720203000.0,0.0,
2010-11-29,1,1723.450012755,2720203000.0,0.0,
2010-11-30,1,1723.450012755,2720203000.0,0.0,
2010-12-01,1,1723.450012755,2720203000.0,0.0,
2010-12-02,1,1723.450012755,2720203000.0,0.0,
2010-12-03,1,1723.450012755,2720203000.0,0.0,
2010-12-06,1,1723.450012755,2720203000.0,0.0,
2010-12-07,1,1708.70484405,2696930000.0,7880.0,
2010-12-08,1,1708.70484405,2696930000.0,0.0,
2010-12-09,1,1708.70484405,2696930000.0,0.0,
2010-12-10,1,1708.70484405,2696930000.0,0.0,
2010-12-13,1,1708.70484405,2696930000.0,0.0,
2010-12-14,1,1708.70484405,2696930000.0,0.0,
2010-12-15,1,1708.70484405,2696930000.0,0.0,
2010-12-16,1,1708.70484405,2696930000.0,0.0,
2010-12-17,1,1708.70484405,2696930000.0,0.0,
2010-12-20,1,1710.43956978,2699668000.0,0.0,
2010-12-21,1,1710.43956978,2699668000.0,986.0,
2010-12-22,1,1710.43956978,2699668000.0,0.0,
2010-12-23,1,1710.43956978,2699668000.0,0.0,
2010-12-24,1,1710.43956978,2699668000.0,0.0,
2010-12-27,1,1710.43956978,2699668000.0,986.0,
2010-12-28,1,1712.17429551,2702406000.0,0.0,
2010-12-29,1,1712.17429551,2702406000.0,0.0,
2010-12-30,1,1712.17429551,2702406000.0,0.0,
2010-12-31,1,1712.17429551,2702406000.0,0.0,40
2011-01-03,1,1713.041658375,2703775000.0,0.0,
2011-01-04,1,1713.9090212400001,2705144000.0,0.0,
2011-01-05,1,1713.9090212400001,2705144000.0,0.0,
2011-01-06,1,1713.9090212400001,2705144000.0,0.0,
2011-01-07,1,1713.9090212400001,2705144000.0,0.0,
2011-01-10,1,1713.9090212400001,2705144000.0,0.0,
2011-01-11,1,1713.9090212400001,2705144000.0,0.0,
2011-01-12,1,1713.9090212400001,2705144000.0,0.0,
2011-01-13,1,1713.9090212400001,2705144000.0,0.0,
2011-01-14,1,1713.9090212400001,2705144000.0,0.0,
2011-01-17,1,1714.776384105,2706513000.0,0.0,
2011-01-18,1,1714.776384105,2706513000.0,0.0,
2011-01-19,1,1714.776384105,2706513000.0,34597.5,
2011-01-20,1,1714.776384105,2706513000.0,988.5,
2011-01-21,1,1714.776384105,2706513000.0,0.0,
2011-01-24,1,1715.6437469700002,2707882000.0,0.0,
2011-01-25,1,1717.3784727,2710620000.0,990.0,
2011-01-26,1,1717.3784727,2710620000.0,0.0,
2011-01-27,1,1717.3784727,2710620000.0,0.0,
2011-01-28,1,1717.3784727,2710620000.0,0.0,
2011-01-31,1,1821.4620165000001,2874900000.0,0.0,
2011-02-01,1,1821.4620165000001,2874900000.0,10500.0,
2011-02-02,1,1819.72729077,2872162000.0,0.0,
2011-02-03,1,1812.7883878500002,2861210000.0,0.0,
2011-02-04,1,1811.0536621200001,2858472000.0,0.0,
2011-02-07,1,1811.0536621200001,2858472000.0,0.0,
2011-02-08,1,1811.0536621200001,2858472000.0,0.0,
2011-02-09,1,1811.0536621200001,2858472000.0,0.0,
2011-02-10,1,1811.0536621200001,2858472000.0,0.0,
2011-02-11,1,1811.0536621200001,2858472000.0,0.0,
2011-02-14,1,1804.1147592,2847520000.0,0.0,
2011-02-15,1,1734.72573,2738000000.0,0.0,
2011-02-16,1,1734.72573,2738000000.0,0.0,
2011-02-17,1,1734.72573,2738000000.0,0.0,
2011-02-18,1,1734.72573,2738000000.0,0.0,
2011-02-21,1,1734.72573,2738000000.0,0.0,
2011-02-22,1,1734.72573,2738000000.0,0.0,
2011-02-23,1,1722.58264989,2718834000.0,4965.0,
2011-02-24,1,1722.58264989,2718834000.0,0.0,
2011-02-25,1,1722.58264989,2718834000.0,0.0,
2011-02-28,1,1722.58264989,2718834000.0,0.0,
2011-03-01,1,1722.58264989,2718834000.0,0.0,
2011-03-02,1,1722.58264989,2718834000.0,0.0,
2011-03-03,1,1722.58264989,2718834000.0,0.0,
2011-03-04,1,1722.58264989,2718834000.0,0.0,
2011-03-07,1,1722.58264989,2718834000.0,0.0,
2011-03-08,1,1722.58264989,2718834000.0,0.0,
2011-03-09,1,1722.58264989,2718834000.0,0.0,
2011-03-10,1,1722.58264989,2718834000.0,0.0,
2011-03-11,1,1722.58264989,2718834000.0,0.0,
2011-03-14,1,1722.58264989,2718834000.0,0.0,
2011-03-15,1,1722.58264989,2718834000.0,0.0,
2011-03-16,1,1722.58264989,2718834000.0,0.0,
2011-03-17,1,1722.58264989,2718834000.0,0.0,
2011-03-18,1,1722.58264989,2718834000.0,0.0,
2011-03-21,1,1722.58264989,2718834000.0,0.0,
2011-03-22,1,1722.58264989,2718834000.0,0.0,
2011-03-23,1,1722.58264989,2718834000.0,0.0,
2011-03-24,1,1722.58264989,2718834000.0,0.0,
2011-03-25,1,1722.58264989,2718834000.0,0.0,
2011-03-28,1,1722.58264989,2718834000.0,0.0,
2011-03-29,1,1722.58264989,2718834000.0,0.0,
2011-03-30,1,1722.58264989,2718834000.0,0.0,
2011-03-31,1,1722.58264989,2718834000.0,0.0,
2011-04-01,1,1722.58264989,2718834000.0,0.0,
2011-04-04,1,1722.58264989,2718834000.0,0.0,
2011-04-05,1,1722.58264989,2718834000.0,0.0,
2011-04-06,1,1718.245835565,2711989000.0,990.5,
2011-04-07,1,1719.11319843,2713358000.0,0.0,
2011-04-08,1,1720.84792416,2716096000.0,1984.0,
2011-04-11,1,1720.84792416,2716096000.0,0.0,
2011-04-12,1,1720.84792416,2716096000.0,0.0,
2011-04-13,1,1720.84792416,2716096000.0,0.0,
2011-04-14,1,1720.84792416,2716096000.0,0.0,
2011-04-15,1,1720.84792416,2716096000.0,0.0,
2011-04-18,1,1720.84792416,2716096000.0,0.0,
2011-04-19,1,1720.84792416,2716096000.0,0.0,
2011-04-20,1,1720.84792416,2716096000.0,0.0,
2011-04-21,1,1720.84792416,2716096000.0,0.0,
2011-04-22,1,1720.84792416,2716096000.0,0.0,
2011-04-25,1,1720.84792416,2716096000.0,0.0,
2011-04-26,1,1720.84792416,2716096000.0,0.0,
2011-04-27,1,1720.84792416,2716096000.0,0.0,
2011-04-28,1,1720.84792416,2716096000.0,0.0,
2011-04-29,1,1720.84792416,2716096000.0,0.0,
2011-05-02,1,1720.84792416,2716096000.0,0.0,
2011-05-03,1,1734.72573,2738000000.0,10000.0,
2011-05-04,1,1734.72573,2738000000.0,0.0,
2011-05-05,1,1908.1983030000001,3011800000.0,11000.0,
